-- MySQL dump 10.13  Distrib 8.0.42, for Linux (aarch64)
--
-- Host: localhost    Database: guns
-- ------------------------------------------------------
-- Server version	8.0.42-0ubuntu0.22.04.1

/*!40101 SET @OLD_CHARACTER_SET_CLIENT=@@CHARACTER_SET_CLIENT */;
/*!40101 SET @OLD_CHARACTER_SET_RESULTS=@@CHARACTER_SET_RESULTS */;
/*!40101 SET @OLD_COLLATION_CONNECTION=@@COLLATION_CONNECTION */;
/*!50503 SET NAMES utf8mb4 */;
/*!40103 SET @OLD_TIME_ZONE=@@TIME_ZONE */;
/*!40103 SET TIME_ZONE='+00:00' */;
/*!40014 SET @OLD_UNIQUE_CHECKS=@@UNIQUE_CHECKS, UNIQUE_CHECKS=0 */;
/*!40014 SET @OLD_FOREIGN_KEY_CHECKS=@@FOREIGN_KEY_CHECKS, FOREIGN_KEY_CHECKS=0 */;
/*!40101 SET @OLD_SQL_MODE=@@SQL_MODE, SQL_MODE='NO_AUTO_VALUE_ON_ZERO' */;
/*!40111 SET @OLD_SQL_NOTES=@@SQL_NOTES, SQL_NOTES=0 */;

--
-- Table structure for table `category`
--

DROP TABLE IF EXISTS `category`;
/*!40101 SET @saved_cs_client     = @@character_set_client */;
/*!50503 SET character_set_client = utf8mb4 */;
CREATE TABLE `category` (
  `id` int unsigned NOT NULL AUTO_INCREMENT,
  `parent_id` int NOT NULL DEFAULT '0',
  `sort` int NOT NULL DEFAULT '0',
  `title` varchar(50) CHARACTER SET utf8mb4 COLLATE utf8mb4_unicode_ci NOT NULL,
  `icon` varchar(20) CHARACTER SET utf8mb4 COLLATE utf8mb4_unicode_ci NOT NULL,
  `levels` int DEFAULT NULL,
  `create_time` timestamp NULL DEFAULT NULL,
  `update_time` timestamp NULL DEFAULT NULL,
  PRIMARY KEY (`id`) USING BTREE
) ENGINE=InnoDB AUTO_INCREMENT=52 DEFAULT CHARSET=utf8mb4 COLLATE=utf8mb4_unicode_ci ROW_FORMAT=DYNAMIC;
/*!40101 SET character_set_client = @saved_cs_client */;

--
-- Dumping data for table `category`
--

LOCK TABLES `category` WRITE;
/*!40000 ALTER TABLE `category` DISABLE KEYS */;
INSERT INTO `category` VALUES (47,0,1,'常用工具','fa-wrench',1,'2025-07-03 19:31:13',NULL),(48,0,2,'个人工具','fa-user',1,'2025-07-04 08:10:44',NULL),(49,0,3,'购物网站','fa-shopping-cart',1,'2025-07-04 08:25:24',NULL),(50,0,4,'我的博客','fa-edit',1,'2025-07-04 15:37:30',NULL),(51,0,5,'其他工具','fa-cogs',1,'2025-07-04 15:39:29',NULL);
/*!40000 ALTER TABLE `category` ENABLE KEYS */;
UNLOCK TABLES;

--
-- Table structure for table `code_dbinfo`
--

DROP TABLE IF EXISTS `code_dbinfo`;
/*!40101 SET @saved_cs_client     = @@character_set_client */;
/*!50503 SET character_set_client = utf8mb4 */;
CREATE TABLE `code_dbinfo` (
  `id` int unsigned NOT NULL AUTO_INCREMENT,
  `name` varchar(20) CHARACTER SET utf8mb3 COLLATE utf8mb3_general_ci DEFAULT NULL COMMENT '别名',
  `db_driver` varchar(100) CHARACTER SET utf8mb3 COLLATE utf8mb3_general_ci NOT NULL COMMENT '数据库驱动',
  `db_url` varchar(200) CHARACTER SET utf8mb3 COLLATE utf8mb3_general_ci NOT NULL COMMENT '数据库地址',
  `db_user_name` varchar(100) CHARACTER SET utf8mb3 COLLATE utf8mb3_general_ci NOT NULL COMMENT '数据库账户',
  `db_password` varchar(100) CHARACTER SET utf8mb3 COLLATE utf8mb3_general_ci NOT NULL COMMENT '连接密码',
  `db_type` varchar(10) CHARACTER SET utf8mb3 COLLATE utf8mb3_general_ci DEFAULT NULL COMMENT '数据库类型',
  `create_time` datetime DEFAULT NULL COMMENT '创建时间',
  `update_time` datetime DEFAULT NULL COMMENT '修改时间',
  PRIMARY KEY (`id`) USING BTREE
) ENGINE=InnoDB DEFAULT CHARSET=utf8mb3 ROW_FORMAT=COMPACT COMMENT='数据库链接信息';
/*!40101 SET character_set_client = @saved_cs_client */;

--
-- Dumping data for table `code_dbinfo`
--

LOCK TABLES `code_dbinfo` WRITE;
/*!40000 ALTER TABLE `code_dbinfo` DISABLE KEYS */;
/*!40000 ALTER TABLE `code_dbinfo` ENABLE KEYS */;
UNLOCK TABLES;

--
-- Table structure for table `site`
--

DROP TABLE IF EXISTS `site`;
/*!40101 SET @saved_cs_client     = @@character_set_client */;
/*!50503 SET character_set_client = utf8mb4 */;
CREATE TABLE `site` (
  `id` int unsigned NOT NULL AUTO_INCREMENT,
  `category_id` int NOT NULL,
  `title` varchar(50) CHARACTER SET utf8mb4 COLLATE utf8mb4_unicode_ci NOT NULL,
  `thumb` varchar(100) CHARACTER SET utf8mb4 COLLATE utf8mb4_unicode_ci NOT NULL,
  `description` varchar(300) CHARACTER SET utf8mb4 COLLATE utf8mb4_unicode_ci NOT NULL,
  `url` varchar(100) CHARACTER SET utf8mb4 COLLATE utf8mb4_unicode_ci NOT NULL,
  `create_time` timestamp NULL DEFAULT NULL,
  `update_time` timestamp NULL DEFAULT NULL,
  PRIMARY KEY (`id`) USING BTREE
) ENGINE=InnoDB AUTO_INCREMENT=1000 DEFAULT CHARSET=utf8mb4 COLLATE=utf8mb4_unicode_ci ROW_FORMAT=DYNAMIC;
/*!40101 SET character_set_client = @saved_cs_client */;

--
-- Dumping data for table `site`
--

LOCK TABLES `site` WRITE;
/*!40000 ALTER TABLE `site` DISABLE KEYS */;
INSERT INTO `site` VALUES (262,47,'Milanote','https://www.google.com/s2/favicons?domain=milanote.com&sz=64','可视化笔记和创意整理工具','https://app.milanote.com/1S5RDi1GbScVkU/home','2025-07-03 19:31:40','2025-07-03 19:56:58'),(263,48,'Claude','https://www.google.com/s2/favicons?domain=claude.ai&sz=64','Anthropic的AI助手','https://claude.ai','2025-07-03 19:31:40',NULL),(264,47,'YouTube','https://www.google.com/s2/favicons?domain=www.youtube.com&sz=64','全球最大视频分享平台','https://www.youtube.com','2025-07-03 19:31:40',NULL),(265,47,'Poe','https://www.google.com/s2/favicons?domain=poe.com&sz=64','AI聊天机器人平台','https://poe.com','2025-07-03 19:31:40',NULL),(266,47,'Gemini','https://www.google.com/s2/favicons?domain=gemini.google.com&sz=64','Google AI助手','https://gemini.google.com','2025-07-03 19:31:40',NULL),(267,47,'Note','https://www.google.com/s2/favicons?domain=note.mattwu.cc&sz=64','个人笔记系统','http://note.mattwu.cc/','2025-07-04 08:18:20','2025-07-04 08:19:00'),(268,48,'Gmail','https://www.google.com/s2/favicons?domain=google.com&sz=64','Google邮箱服务','https://mail.google.com/mail/u/0/#inbox','2025-07-04 08:11:05',NULL),(269,48,'我的日历','https://www.google.com/s2/favicons?domain=calendar.google.com&sz=64','Google日历','https://calendar.google.com/calendar/u/0/r?pli=1','2025-07-04 08:21:47',NULL),(270,47,'OzBargain','https://www.google.com/s2/favicons?domain=www.ozbargain.com.au&sz=64','澳洲优惠信息网站','https://www.ozbargain.com.au/','2025-07-04 08:22:01',NULL),(271,49,'淘宝','https://www.google.com/s2/favicons?domain=www.taobao.com&sz=64','淘宝网 - 亚洲较大的网上交易平台','https://www.taobao.com','2025-07-04 08:25:46',NULL),(272,49,'京东','https://www.google.com/s2/favicons?domain=www.jd.com&sz=64','京东 - 正品低价、品质保障','https://www.jd.com','2025-07-04 08:26:01',NULL),(273,48,'AI Shop','https://www.google.com/s2/favicons?domain=perplexity.ai&sz=64','ai','https://xiaoai.shop/list/#/home','2025-07-04 13:22:34','2025-07-04 14:09:56'),(274,47,'语雀','https://www.google.com/s2/favicons?domain=notion.so&sz=64','专业的云端知识库','https://www.yuque.com/dashboard','2025-07-04 15:33:38',NULL),(275,47,'ChatGPT','https://www.google.com/s2/favicons?domain=chatgpt.com&sz=64','OpenAI的AI聊天助手','https://chatgpt.com','2025-07-04 15:35:47',NULL),(276,50,'木头的博客','https://www.google.com/s2/favicons?domain=wordpress.com&sz=64','个人技术博客','https://blog.mutou.org/','2025-07-04 15:37:44',NULL),(277,51,'Poe Points','https://www.google.com/s2/favicons?domain=poepoints.vercel.app&sz=64','Poe积分工具','https://poepoints.vercel.app/','2025-07-04 15:39:37',NULL),(278,49,'2345万年历','https://www.google.com/s2/favicons?domain=tools.2345.com&sz=64','在线万年历工具','https://tools.2345.com/rili.htm','2025-07-04 15:43:57',NULL),(279,50,'GitHub仓库','https://www.google.com/s2/favicons?domain=github.com&sz=64','个人GitHub代码仓库','https://github.com/matt6wu?tab=repositories','2025-07-04 15:58:20',NULL),(280,50,'我的生命计算机','https://www.google.com/s2/favicons?domain=calculator.net&sz=64','我的生命计算机','https://age-cal-matt6wus-projects.vercel.app/','2025-07-04 16:03:27',NULL),(281,51,'Vercel Projects','https://www.google.com/s2/favicons?domain=vercel.com&sz=64','我的Vercel项目管理','https://vercel.com/matt6wus-projects','2025-07-04 16:05:09',NULL),(282,51,'微信读书','https://www.google.com/s2/favicons?domain=weread.qq.com&sz=64','微信读书平台','https://weread.qq.com/','2025-07-04 16:07:57',NULL);
/*!40000 ALTER TABLE `site` ENABLE KEYS */;
UNLOCK TABLES;

--
-- Table structure for table `sys_dept`
--

DROP TABLE IF EXISTS `sys_dept`;
/*!40101 SET @saved_cs_client     = @@character_set_client */;
/*!50503 SET character_set_client = utf8mb4 */;
CREATE TABLE `sys_dept` (
  `id` int NOT NULL AUTO_INCREMENT COMMENT '主键id',
  `num` int DEFAULT NULL COMMENT '排序',
  `pid` int DEFAULT NULL COMMENT '父部门id',
  `pids` varchar(255) CHARACTER SET utf8mb3 COLLATE utf8mb3_general_ci DEFAULT NULL COMMENT '父级ids',
  `simplename` varchar(45) CHARACTER SET utf8mb3 COLLATE utf8mb3_general_ci DEFAULT NULL COMMENT '简称',
  `fullname` varchar(255) CHARACTER SET utf8mb3 COLLATE utf8mb3_general_ci DEFAULT NULL COMMENT '全称',
  `tips` varchar(255) CHARACTER SET utf8mb3 COLLATE utf8mb3_general_ci DEFAULT NULL COMMENT '提示',
  `version` int DEFAULT NULL COMMENT '版本（乐观锁保留字段）',
  PRIMARY KEY (`id`) USING BTREE
) ENGINE=InnoDB AUTO_INCREMENT=30 DEFAULT CHARSET=utf8mb3 ROW_FORMAT=DYNAMIC COMMENT='部门表';
/*!40101 SET character_set_client = @saved_cs_client */;

--
-- Dumping data for table `sys_dept`
--

LOCK TABLES `sys_dept` WRITE;
/*!40000 ALTER TABLE `sys_dept` DISABLE KEYS */;
INSERT INTO `sys_dept` VALUES (24,1,0,'[0],','总公司','总公司','',NULL),(25,2,29,'[0],[24],[28],[29],','开发部','开发部','',NULL),(26,3,25,'[0],[24],[28],[29],[25],','运营部','运营部','',NULL),(27,4,24,'[0],[24],','战略部','战略部','',NULL),(28,NULL,24,'[0],[24],','111','111','',NULL),(29,NULL,28,'[0],[24],[28],','222','222','222',NULL);
/*!40000 ALTER TABLE `sys_dept` ENABLE KEYS */;
UNLOCK TABLES;

--
-- Table structure for table `sys_dict`
--

DROP TABLE IF EXISTS `sys_dict`;
/*!40101 SET @saved_cs_client     = @@character_set_client */;
/*!50503 SET character_set_client = utf8mb4 */;
CREATE TABLE `sys_dict` (
  `id` int unsigned NOT NULL AUTO_INCREMENT COMMENT '主键id',
  `num` int DEFAULT NULL COMMENT '排序',
  `pid` int DEFAULT NULL COMMENT '父级字典',
  `name` varchar(255) CHARACTER SET utf8mb3 COLLATE utf8mb3_general_ci DEFAULT NULL COMMENT '名称',
  `tips` varchar(255) CHARACTER SET utf8mb3 COLLATE utf8mb3_general_ci DEFAULT NULL COMMENT '提示',
  `code` varchar(255) CHARACTER SET utf8mb3 COLLATE utf8mb3_general_ci DEFAULT NULL COMMENT '值',
  PRIMARY KEY (`id`) USING BTREE
) ENGINE=InnoDB AUTO_INCREMENT=60 DEFAULT CHARSET=utf8mb3 ROW_FORMAT=DYNAMIC COMMENT='字典表';
/*!40101 SET character_set_client = @saved_cs_client */;

--
-- Dumping data for table `sys_dict`
--

LOCK TABLES `sys_dict` WRITE;
/*!40000 ALTER TABLE `sys_dict` DISABLE KEYS */;
INSERT INTO `sys_dict` VALUES (50,0,0,'性别',NULL,'sys_sex'),(51,1,50,'男',NULL,'1'),(52,2,50,'女',NULL,'2'),(53,0,0,'状态',NULL,'sys_state'),(54,1,53,'启用',NULL,'1'),(55,2,53,'禁用',NULL,'2'),(56,0,0,'账号状态',NULL,'account_state'),(57,1,56,'启用',NULL,'1'),(58,2,56,'冻结',NULL,'2'),(59,3,56,'已删除',NULL,'3');
/*!40000 ALTER TABLE `sys_dict` ENABLE KEYS */;
UNLOCK TABLES;

--
-- Table structure for table `sys_expense`
--

DROP TABLE IF EXISTS `sys_expense`;
/*!40101 SET @saved_cs_client     = @@character_set_client */;
/*!50503 SET character_set_client = utf8mb4 */;
CREATE TABLE `sys_expense` (
  `id` int NOT NULL AUTO_INCREMENT,
  `money` decimal(20,2) DEFAULT NULL COMMENT '报销金额',
  `desc` varchar(255) CHARACTER SET utf8mb3 COLLATE utf8mb3_general_ci DEFAULT '' COMMENT '描述',
  `createtime` datetime DEFAULT NULL COMMENT '创建时间',
  `state` int DEFAULT NULL COMMENT '状态: 1.待提交  2:待审核   3.审核通过 4:驳回',
  `userid` int DEFAULT NULL COMMENT '用户id',
  `processId` varchar(255) CHARACTER SET utf8mb3 COLLATE utf8mb3_general_ci DEFAULT NULL COMMENT '流程定义id',
  PRIMARY KEY (`id`) USING BTREE
) ENGINE=InnoDB DEFAULT CHARSET=utf8mb3 ROW_FORMAT=DYNAMIC COMMENT='报销表';
/*!40101 SET character_set_client = @saved_cs_client */;

--
-- Dumping data for table `sys_expense`
--

LOCK TABLES `sys_expense` WRITE;
/*!40000 ALTER TABLE `sys_expense` DISABLE KEYS */;
/*!40000 ALTER TABLE `sys_expense` ENABLE KEYS */;
UNLOCK TABLES;

--
-- Table structure for table `sys_login_log`
--

DROP TABLE IF EXISTS `sys_login_log`;
/*!40101 SET @saved_cs_client     = @@character_set_client */;
/*!50503 SET character_set_client = utf8mb4 */;
CREATE TABLE `sys_login_log` (
  `id` int NOT NULL AUTO_INCREMENT COMMENT '主键',
  `logname` varchar(255) CHARACTER SET utf8mb3 COLLATE utf8mb3_general_ci DEFAULT NULL COMMENT '日志名称',
  `userid` int DEFAULT NULL COMMENT '管理员id',
  `createtime` datetime DEFAULT NULL COMMENT '创建时间',
  `succeed` varchar(255) CHARACTER SET utf8mb3 COLLATE utf8mb3_general_ci DEFAULT NULL COMMENT '是否执行成功',
  `message` text CHARACTER SET utf8mb3 COLLATE utf8mb3_general_ci COMMENT '具体消息',
  `ip` varchar(255) CHARACTER SET utf8mb3 COLLATE utf8mb3_general_ci DEFAULT NULL COMMENT '登录ip',
  PRIMARY KEY (`id`) USING BTREE
) ENGINE=InnoDB AUTO_INCREMENT=366 DEFAULT CHARSET=utf8mb3 ROW_FORMAT=DYNAMIC COMMENT='登录记录';
/*!40101 SET character_set_client = @saved_cs_client */;

--
-- Dumping data for table `sys_login_log`
--

LOCK TABLES `sys_login_log` WRITE;
/*!40000 ALTER TABLE `sys_login_log` DISABLE KEYS */;
INSERT INTO `sys_login_log` VALUES (346,'登录日志',1,'2025-07-04 02:52:16','成功',NULL,'207.211.157.86'),(347,'登录日志',1,'2025-07-04 02:55:40','成功',NULL,'207.211.157.86'),(348,'退出日志',1,'2025-07-04 02:59:24','成功',NULL,'207.211.157.86'),(349,'登录日志',48,'2025-07-04 02:59:30','成功',NULL,'207.211.157.86'),(350,'登录日志',1,'2025-07-04 02:59:36','成功',NULL,'207.211.157.86'),(351,'退出日志',1,'2025-07-04 03:01:15','成功',NULL,'207.211.157.86'),(352,'登录日志',48,'2025-07-04 03:01:20','成功',NULL,'207.211.157.86'),(353,'登录日志',1,'2025-07-04 03:01:24','成功',NULL,'207.211.157.86'),(354,'退出日志',1,'2025-07-04 03:02:04','成功',NULL,'207.211.157.86'),(355,'登录失败日志',NULL,'2025-07-04 03:02:07','成功','账号:admin,账号密码错误','207.211.157.86'),(356,'登录日志',1,'2025-07-04 03:02:14','成功',NULL,'207.211.157.86'),(357,'登录失败日志',NULL,'2025-07-04 03:24:01','成功','账号:admin,账号密码错误','207.211.157.86'),(358,'登录日志',1,'2025-07-04 03:24:09','成功',NULL,'207.211.157.86'),(359,'登录失败日志',NULL,'2025-07-04 03:51:27','成功','账号:admin,账号密码错误','207.211.157.86'),(360,'登录失败日志',NULL,'2025-07-04 03:51:29','成功','账号:admin,账号密码错误','207.211.157.86'),(361,'登录日志',1,'2025-07-04 03:51:34','成功',NULL,'207.211.157.86'),(362,'登录日志',1,'2025-07-04 03:54:25','成功',NULL,'207.211.157.86'),(363,'登录日志',1,'2025-07-04 04:51:15','成功',NULL,'207.211.157.86'),(364,'登录日志',1,'2025-07-04 21:20:44','成功',NULL,'207.211.157.86'),(365,'登录日志',1,'2025-07-04 21:56:13','成功',NULL,'207.211.157.86');
/*!40000 ALTER TABLE `sys_login_log` ENABLE KEYS */;
UNLOCK TABLES;

--
-- Table structure for table `sys_menu`
--

DROP TABLE IF EXISTS `sys_menu`;
/*!40101 SET @saved_cs_client     = @@character_set_client */;
/*!50503 SET character_set_client = utf8mb4 */;
CREATE TABLE `sys_menu` (
  `id` bigint NOT NULL AUTO_INCREMENT COMMENT '主键id',
  `code` varchar(255) CHARACTER SET utf8mb3 COLLATE utf8mb3_general_ci DEFAULT NULL COMMENT '菜单编号',
  `pcode` varchar(255) CHARACTER SET utf8mb3 COLLATE utf8mb3_general_ci DEFAULT NULL COMMENT '菜单父编号',
  `pcodes` varchar(255) CHARACTER SET utf8mb3 COLLATE utf8mb3_general_ci DEFAULT NULL COMMENT '当前菜单的所有父菜单编号',
  `name` varchar(255) CHARACTER SET utf8mb3 COLLATE utf8mb3_general_ci DEFAULT NULL COMMENT '菜单名称',
  `icon` varchar(255) CHARACTER SET utf8mb3 COLLATE utf8mb3_general_ci DEFAULT NULL COMMENT '菜单图标',
  `url` varchar(255) CHARACTER SET utf8mb3 COLLATE utf8mb3_general_ci DEFAULT NULL COMMENT 'url地址',
  `num` int DEFAULT NULL COMMENT '菜单排序号',
  `levels` int DEFAULT NULL COMMENT '菜单层级',
  `ismenu` int DEFAULT NULL COMMENT '是否是菜单（1：是  0：不是）',
  `tips` varchar(255) CHARACTER SET utf8mb3 COLLATE utf8mb3_general_ci DEFAULT NULL COMMENT '备注',
  `status` int DEFAULT NULL COMMENT '菜单状态 :  1:启用   0:不启用',
  `isopen` int DEFAULT NULL COMMENT '是否打开:    1:打开   0:不打开',
  PRIMARY KEY (`id`) USING BTREE
) ENGINE=InnoDB AUTO_INCREMENT=174 DEFAULT CHARSET=utf8mb3 ROW_FORMAT=DYNAMIC COMMENT='菜单表';
/*!40101 SET character_set_client = @saved_cs_client */;

--
-- Dumping data for table `sys_menu`
--

LOCK TABLES `sys_menu` WRITE;
/*!40000 ALTER TABLE `sys_menu` DISABLE KEYS */;
INSERT INTO `sys_menu` VALUES (105,'system','0','[0],','系统管理','fa-user','#',8,1,1,NULL,1,1),(106,'mgr','system','[0],[system],','用户管理','','/mgr',1,2,1,NULL,1,0),(107,'mgr_add','mgr','[0],[system],[mgr],','添加用户',NULL,'/mgr/add',1,3,0,NULL,1,0),(108,'mgr_edit','mgr','[0],[system],[mgr],','修改用户',NULL,'/mgr/edit',2,3,0,NULL,1,0),(109,'mgr_delete','mgr','[0],[system],[mgr],','删除用户',NULL,'/mgr/delete',3,3,0,NULL,1,0),(110,'mgr_reset','mgr','[0],[system],[mgr],','重置密码',NULL,'/mgr/reset',4,3,0,NULL,1,0),(111,'mgr_freeze','mgr','[0],[system],[mgr],','冻结用户',NULL,'/mgr/freeze',5,3,0,NULL,1,0),(112,'mgr_unfreeze','mgr','[0],[system],[mgr],','解除冻结用户',NULL,'/mgr/unfreeze',6,3,0,NULL,1,0),(113,'mgr_setRole','mgr','[0],[system],[mgr],','分配角色',NULL,'/mgr/setRole',7,3,0,NULL,1,0),(114,'role','system','[0],[system],','角色管理',NULL,'/role',2,2,1,NULL,1,0),(115,'role_add','role','[0],[system],[role],','添加角色',NULL,'/role/add',1,3,0,NULL,1,0),(116,'role_edit','role','[0],[system],[role],','修改角色',NULL,'/role/edit',2,3,0,NULL,1,0),(117,'role_remove','role','[0],[system],[role],','删除角色',NULL,'/role/remove',3,3,0,NULL,1,0),(118,'role_setAuthority','role','[0],[system],[role],','配置权限',NULL,'/role/setAuthority',4,3,0,NULL,1,0),(119,'menu','system','[0],[system],','菜单管理',NULL,'/menu',4,2,1,NULL,1,0),(120,'menu_add','menu','[0],[system],[menu],','添加菜单',NULL,'/menu/add',1,3,0,NULL,1,0),(121,'menu_edit','menu','[0],[system],[menu],','修改菜单',NULL,'/menu/edit',2,3,0,NULL,1,0),(122,'menu_remove','menu','[0],[system],[menu],','删除菜单',NULL,'/menu/remove',3,3,0,NULL,1,0),(128,'log','system','[0],[system],','业务日志',NULL,'/log',6,2,1,NULL,1,0),(130,'druid','system','[0],[system],','监控管理',NULL,'/druid',7,2,1,NULL,1,NULL),(131,'dept','system','[0],[system],','部门管理',NULL,'/dept',3,2,1,NULL,1,NULL),(132,'dict','system','[0],[system],','字典管理',NULL,'/dict',4,2,1,NULL,1,NULL),(133,'loginLog','system','[0],[system],','登录日志',NULL,'/loginLog',6,2,1,NULL,1,NULL),(134,'log_clean','log','[0],[system],[log],','清空日志',NULL,'/log/delLog',3,3,0,NULL,1,NULL),(135,'dept_add','dept','[0],[system],[dept],','添加部门',NULL,'/dept/add',1,3,0,NULL,1,NULL),(136,'dept_update','dept','[0],[system],[dept],','修改部门',NULL,'/dept/update',1,3,0,NULL,1,NULL),(137,'dept_delete','dept','[0],[system],[dept],','删除部门',NULL,'/dept/delete',1,3,0,NULL,1,NULL),(138,'dict_add','dict','[0],[system],[dict],','添加字典',NULL,'/dict/add',1,3,0,NULL,1,NULL),(139,'dict_update','dict','[0],[system],[dict],','修改字典',NULL,'/dict/update',1,3,0,NULL,1,NULL),(140,'dict_delete','dict','[0],[system],[dict],','删除字典',NULL,'/dict/delete',1,3,0,NULL,1,NULL),(141,'notice','system','[0],[system],','通知管理',NULL,'/notice',9,2,1,NULL,1,NULL),(142,'notice_add','notice','[0],[system],[notice],','添加通知',NULL,'/notice/add',1,3,0,NULL,1,NULL),(143,'notice_update','notice','[0],[system],[notice],','修改通知',NULL,'/notice/update',2,3,0,NULL,1,NULL),(144,'notice_delete','notice','[0],[system],[notice],','删除通知',NULL,'/notice/delete',3,3,0,NULL,1,NULL),(145,'hello','0','[0],','通知','fa-rocket','/notice/hello',3,1,1,NULL,1,NULL),(148,'code','0','[0],','代码生成','fa-code','/code',7,1,1,NULL,1,NULL),(149,'api_mgr','0','[0],','接口文档','fa-leaf','/swagger-ui.html',6,1,0,NULL,1,NULL),(150,'to_menu_edit','menu','[0],[system],[menu],','菜单编辑跳转','','/menu/menu_edit',4,3,0,NULL,1,NULL),(151,'menu_list','menu','[0],[system],[menu],','菜单列表','','/menu/list',5,3,0,NULL,1,NULL),(152,'to_dept_update','dept','[0],[system],[dept],','修改部门跳转','','/dept/dept_update',4,3,0,NULL,1,NULL),(153,'dept_list','dept','[0],[system],[dept],','部门列表','','/dept/list',5,3,0,NULL,1,NULL),(154,'dept_detail','dept','[0],[system],[dept],','部门详情','','/dept/detail',6,3,0,NULL,1,NULL),(155,'to_dict_edit','dict','[0],[system],[dict],','修改菜单跳转','','/dict/dict_edit',4,3,0,NULL,1,NULL),(156,'dict_list','dict','[0],[system],[dict],','字典列表','','/dict/list',5,3,0,NULL,1,NULL),(157,'dict_detail','dict','[0],[system],[dict],','字典详情','','/dict/detail',6,3,0,NULL,1,NULL),(158,'log_list','log','[0],[system],[log],','日志列表','','/log/list',2,3,0,NULL,1,NULL),(159,'log_detail','log','[0],[system],[log],','日志详情','','/log/detail',3,3,0,NULL,1,NULL),(160,'del_login_log','loginLog','[0],[system],[loginLog],','清空登录日志','','/loginLog/delLoginLog',1,3,0,NULL,1,NULL),(161,'login_log_list','loginLog','[0],[system],[loginLog],','登录日志列表','','/loginLog/list',2,3,0,NULL,1,NULL),(162,'to_role_edit','role','[0],[system],[role],','修改角色跳转','','/role/role_edit',5,3,0,NULL,1,NULL),(163,'to_role_assign','role','[0],[system],[role],','角色分配跳转','','/role/role_assign',6,3,0,NULL,1,NULL),(164,'role_list','role','[0],[system],[role],','角色列表','','/role/list',7,3,0,NULL,1,NULL),(165,'to_assign_role','mgr','[0],[system],[mgr],','分配角色跳转','','/mgr/role_assign',8,3,0,NULL,1,NULL),(166,'to_user_edit','mgr','[0],[system],[mgr],','编辑用户跳转','','/mgr/user_edit',9,3,0,NULL,1,NULL),(167,'mgr_list','mgr','[0],[system],[mgr],','用户列表','','/mgr/list',10,3,0,NULL,1,NULL),(171,'category','0','[0],','分类管理','fa-archive','/category',0,1,1,NULL,1,NULL),(173,'site','0','[0],','网站管理','fa-internet-explorer','/site',1,1,1,NULL,1,NULL);
/*!40000 ALTER TABLE `sys_menu` ENABLE KEYS */;
UNLOCK TABLES;

--
-- Table structure for table `sys_notice`
--

DROP TABLE IF EXISTS `sys_notice`;
/*!40101 SET @saved_cs_client     = @@character_set_client */;
/*!50503 SET character_set_client = utf8mb4 */;
CREATE TABLE `sys_notice` (
  `id` int NOT NULL AUTO_INCREMENT COMMENT '主键',
  `title` varchar(255) CHARACTER SET utf8mb3 COLLATE utf8mb3_general_ci DEFAULT NULL COMMENT '标题',
  `type` int DEFAULT NULL COMMENT '类型',
  `content` text CHARACTER SET utf8mb3 COLLATE utf8mb3_general_ci COMMENT '内容',
  `createtime` datetime DEFAULT NULL COMMENT '创建时间',
  `creater` int DEFAULT NULL COMMENT '创建人',
  PRIMARY KEY (`id`) USING BTREE
) ENGINE=InnoDB AUTO_INCREMENT=11 DEFAULT CHARSET=utf8mb3 ROW_FORMAT=DYNAMIC COMMENT='通知表';
/*!40101 SET character_set_client = @saved_cs_client */;

--
-- Dumping data for table `sys_notice`
--

LOCK TABLES `sys_notice` WRITE;
/*!40000 ALTER TABLE `sys_notice` DISABLE KEYS */;
INSERT INTO `sys_notice` VALUES (6,'世界',10,'欢迎使用Guns管理系统','2017-01-11 08:53:20',1),(8,'你好',NULL,'你好','2017-05-10 19:28:57',1),(10,'你好',NULL,'这是一个开源的网址导航网站项目，您可以拿来制作自己的网址导航，也可以做与导航无关的网站。如果对本项目有任何建议都可以发起 issue。','2019-07-26 18:23:52',1);
/*!40000 ALTER TABLE `sys_notice` ENABLE KEYS */;
UNLOCK TABLES;

--
-- Table structure for table `sys_operation_log`
--

DROP TABLE IF EXISTS `sys_operation_log`;
/*!40101 SET @saved_cs_client     = @@character_set_client */;
/*!50503 SET character_set_client = utf8mb4 */;
CREATE TABLE `sys_operation_log` (
  `id` int NOT NULL AUTO_INCREMENT COMMENT '主键',
  `logtype` varchar(255) CHARACTER SET utf8mb3 COLLATE utf8mb3_general_ci DEFAULT NULL COMMENT '日志类型',
  `logname` varchar(255) CHARACTER SET utf8mb3 COLLATE utf8mb3_general_ci DEFAULT NULL COMMENT '日志名称',
  `userid` int DEFAULT NULL COMMENT '用户id',
  `classname` varchar(255) CHARACTER SET utf8mb3 COLLATE utf8mb3_general_ci DEFAULT NULL COMMENT '类名称',
  `method` text CHARACTER SET utf8mb3 COLLATE utf8mb3_general_ci COMMENT '方法名称',
  `createtime` datetime DEFAULT NULL COMMENT '创建时间',
  `succeed` varchar(255) CHARACTER SET utf8mb3 COLLATE utf8mb3_general_ci DEFAULT NULL COMMENT '是否成功',
  `message` text CHARACTER SET utf8mb3 COLLATE utf8mb3_general_ci COMMENT '备注',
  PRIMARY KEY (`id`) USING BTREE
) ENGINE=InnoDB AUTO_INCREMENT=626 DEFAULT CHARSET=utf8mb3 ROW_FORMAT=DYNAMIC COMMENT='操作日志';
/*!40101 SET character_set_client = @saved_cs_client */;

--
-- Dumping data for table `sys_operation_log`
--

LOCK TABLES `sys_operation_log` WRITE;
/*!40000 ALTER TABLE `sys_operation_log` DISABLE KEYS */;
INSERT INTO `sys_operation_log` VALUES (608,'异常日志','',1,NULL,NULL,'2025-07-04 02:54:09','失败','java.lang.NullPointerException\n	at cn.stylefeng.roses.core.util.ToolUtil.getWebRootPath(ToolUtil.java:281)\n	at cn.stylefeng.guns.generator.modular.factory.DefaultTemplateFactory.getDefaultParams(DefaultTemplateFactory.java:43)\n	at cn.stylefeng.guns.generator.modular.controller.CodeController.blackboard(CodeController.java:40)\n	at java.base/jdk.internal.reflect.NativeMethodAccessorImpl.invoke0(Native Method)\n	at java.base/jdk.internal.reflect.NativeMethodAccessorImpl.invoke(NativeMethodAccessorImpl.java:62)\n	at java.base/jdk.internal.reflect.DelegatingMethodAccessorImpl.invoke(DelegatingMethodAccessorImpl.java:43)\n	at java.base/java.lang.reflect.Method.invoke(Method.java:566)\n	at org.springframework.web.method.support.InvocableHandlerMethod.doInvoke(InvocableHandlerMethod.java:209)\n	at org.springframework.web.method.support.InvocableHandlerMethod.invokeForRequest(InvocableHandlerMethod.java:136)\n	at org.springframework.web.servlet.mvc.method.annotation.ServletInvocableHandlerMethod.invokeAndHandle(ServletInvocableHandlerMethod.java:102)\n	at org.springframework.web.servlet.mvc.method.annotation.RequestMappingHandlerAdapter.invokeHandlerMethod(RequestMappingHandlerAdapter.java:877)\n	at org.springframework.web.servlet.mvc.method.annotation.RequestMappingHandlerAdapter.handleInternal(RequestMappingHandlerAdapter.java:783)\n	at org.springframework.web.servlet.mvc.method.AbstractHandlerMethodAdapter.handle(AbstractHandlerMethodAdapter.java:87)\n	at org.springframework.web.servlet.DispatcherServlet.doDispatch(DispatcherServlet.java:991)\n	at org.springframework.web.servlet.DispatcherServlet.doService(DispatcherServlet.java:925)\n	at org.springframework.web.servlet.FrameworkServlet.processRequest(FrameworkServlet.java:974)\n	at org.springframework.web.servlet.FrameworkServlet.doGet(FrameworkServlet.java:866)\n	at javax.servlet.http.HttpServlet.service(HttpServlet.java:635)\n	at org.springframework.web.servlet.FrameworkServlet.service(FrameworkServlet.java:851)\n	at javax.servlet.http.HttpServlet.service(HttpServlet.java:742)\n	at org.apache.catalina.core.ApplicationFilterChain.internalDoFilter(ApplicationFilterChain.java:231)\n	at org.apache.catalina.core.ApplicationFilterChain.doFilter(ApplicationFilterChain.java:166)\n	at org.apache.tomcat.websocket.server.WsFilter.doFilter(WsFilter.java:52)\n	at org.apache.catalina.core.ApplicationFilterChain.internalDoFilter(ApplicationFilterChain.java:193)\n	at org.apache.catalina.core.ApplicationFilterChain.doFilter(ApplicationFilterChain.java:166)\n	at org.apache.shiro.web.servlet.ProxiedFilterChain.doFilter(ProxiedFilterChain.java:61)\n	at org.apache.shiro.web.servlet.AdviceFilter.executeChain(AdviceFilter.java:108)\n	at org.apache.shiro.web.servlet.AdviceFilter.doFilterInternal(AdviceFilter.java:137)\n	at org.apache.shiro.web.servlet.OncePerRequestFilter.doFilter(OncePerRequestFilter.java:154)\n	at org.apache.shiro.web.servlet.ProxiedFilterChain.doFilter(ProxiedFilterChain.java:66)\n	at org.apache.shiro.web.servlet.AdviceFilter.executeChain(AdviceFilter.java:108)\n	at org.apache.shiro.web.servlet.AdviceFilter.doFilterInternal(AdviceFilter.java:137)\n	at org.apache.shiro.web.servlet.OncePerRequestFilter.doFilter(OncePerRequestFilter.java:154)\n	at org.apache.shiro.web.servlet.ProxiedFilterChain.doFilter(ProxiedFilterChain.java:66)\n	at org.apache.shiro.web.servlet.AbstractShiroFilter.executeChain(AbstractShiroFilter.java:458)\n	at org.apache.shiro.web.servlet.AbstractShiroFilterT1.call(AbstractShiroFilter.java:373)\n	at org.apache.shiro.subject.support.SubjectCallable.doCall(SubjectCallable.java:90)\n	at org.apache.shiro.subject.support.SubjectCallable.call(SubjectCallable.java:83)\n	at org.apache.shiro.subject.support.DelegatingSubject.execute(DelegatingSubject.java:387)\n	at org.apache.shiro.web.servlet.AbstractShiroFilter.doFilterInternal(AbstractShiroFilter.java:370)\n	at org.apache.shiro.web.servlet.OncePerRequestFilter.doFilter(OncePerRequestFilter.java:154)\n	at org.apache.catalina.core.ApplicationFilterChain.internalDoFilter(ApplicationFilterChain.java:193)\n	at org.apache.catalina.core.ApplicationFilterChain.doFilter(ApplicationFilterChain.java:166)\n	at cn.stylefeng.roses.core.xss.XssFilter.doFilter(XssFilter.java:31)\n	at org.apache.catalina.core.ApplicationFilterChain.internalDoFilter(ApplicationFilterChain.java:193)\n	at org.apache.catalina.core.ApplicationFilterChain.doFilter(ApplicationFilterChain.java:166)\n	at com.alibaba.druid.support.http.WebStatFilter.doFilter(WebStatFilter.java:123)\n	at org.apache.catalina.core.ApplicationFilterChain.internalDoFilter(ApplicationFilterChain.java:193)\n	at org.apache.catalina.core.ApplicationFilterChain.doFilter(ApplicationFilterChain.java:166)\n	at org.springframework.web.filter.RequestContextFilter.doFilterInternal(RequestContextFilter.java:99)\n	at org.springframework.web.filter.OncePerRequestFilter.doFilter(OncePerRequestFilter.java:107)\n	at org.apache.catalina.core.ApplicationFilterChain.internalDoFilter(ApplicationFilterChain.java:193)\n	at org.apache.catalina.core.ApplicationFilterChain.doFilter(ApplicationFilterChain.java:166)\n	at org.springframework.web.filter.HttpPutFormContentFilter.doFilterInternal(HttpPutFormContentFilter.java:109)\n	at org.springframework.web.filter.OncePerRequestFilter.doFilter(OncePerRequestFilter.java:107)\n	at org.apache.catalina.core.ApplicationFilterChain.internalDoFilter(ApplicationFilterChain.java:193)\n	at org.apache.catalina.core.ApplicationFilterChain.doFilter(ApplicationFilterChain.java:166)\n	at org.springframework.web.filter.HiddenHttpMethodFilter.doFilterInternal(HiddenHttpMethodFilter.java:81)\n	at org.springframework.web.filter.OncePerRequestFilter.doFilter(OncePerRequestFilter.java:107)\n	at org.apache.catalina.core.ApplicationFilterChain.internalDoFilter(ApplicationFilterChain.java:193)\n	at org.apache.catalina.core.ApplicationFilterChain.doFilter(ApplicationFilterChain.java:166)\n	at org.springframework.web.filter.CharacterEncodingFilter.doFilterInternal(CharacterEncodingFilter.java:200)\n	at org.springframework.web.filter.OncePerRequestFilter.doFilter(OncePerRequestFilter.java:107)\n	at org.apache.catalina.core.ApplicationFilterChain.internalDoFilter(ApplicationFilterChain.java:193)\n	at org.apache.catalina.core.ApplicationFilterChain.doFilter(ApplicationFilterChain.java:166)\n	at org.apache.catalina.core.StandardWrapperValve.invoke(StandardWrapperValve.java:198)\n	at org.apache.catalina.core.StandardContextValve.invoke(StandardContextValve.java:96)\n	at org.apache.catalina.authenticator.AuthenticatorBase.invoke(AuthenticatorBase.java:496)\n	at org.apache.catalina.core.StandardHostValve.invoke(StandardHostValve.java:140)\n	at org.apache.catalina.valves.ErrorReportValve.invoke(ErrorReportValve.java:81)\n	at org.apache.catalina.core.StandardEngineValve.invoke(StandardEngineValve.java:87)\n	at org.apache.catalina.connector.CoyoteAdapter.service(CoyoteAdapter.java:342)\n	at org.apache.coyote.http11.Http11Processor.service(Http11Processor.java:803)\n	at org.apache.coyote.AbstractProcessorLight.process(AbstractProcessorLight.java:66)\n	at org.apache.coyote.AbstractProtocolTConnectionHandler.process(AbstractProtocol.java:790)\n	at org.apache.tomcat.util.net.NioEndpointTSocketProcessor.doRun(NioEndpoint.java:1459)\n	at org.apache.tomcat.util.net.SocketProcessorBase.run(SocketProcessorBase.java:49)\n	at java.base/java.util.concurrent.ThreadPoolExecutor.runWorker(ThreadPoolExecutor.java:1128)\n	at java.base/java.util.concurrent.ThreadPoolExecutorTWorker.run(ThreadPoolExecutor.java:628)\n	at org.apache.tomcat.util.threads.TaskThreadTWrappingRunnable.run(TaskThread.java:61)\n	at java.base/java.lang.Thread.run(Thread.java:829)\n'),(609,'异常日志','',1,NULL,NULL,'2025-07-04 02:55:56','失败','java.lang.NullPointerException\n	at cn.stylefeng.roses.core.util.ToolUtil.getWebRootPath(ToolUtil.java:281)\n	at cn.stylefeng.guns.generator.modular.factory.DefaultTemplateFactory.getDefaultParams(DefaultTemplateFactory.java:43)\n	at cn.stylefeng.guns.generator.modular.controller.CodeController.blackboard(CodeController.java:40)\n	at java.base/jdk.internal.reflect.NativeMethodAccessorImpl.invoke0(Native Method)\n	at java.base/jdk.internal.reflect.NativeMethodAccessorImpl.invoke(NativeMethodAccessorImpl.java:62)\n	at java.base/jdk.internal.reflect.DelegatingMethodAccessorImpl.invoke(DelegatingMethodAccessorImpl.java:43)\n	at java.base/java.lang.reflect.Method.invoke(Method.java:566)\n	at org.springframework.web.method.support.InvocableHandlerMethod.doInvoke(InvocableHandlerMethod.java:209)\n	at org.springframework.web.method.support.InvocableHandlerMethod.invokeForRequest(InvocableHandlerMethod.java:136)\n	at org.springframework.web.servlet.mvc.method.annotation.ServletInvocableHandlerMethod.invokeAndHandle(ServletInvocableHandlerMethod.java:102)\n	at org.springframework.web.servlet.mvc.method.annotation.RequestMappingHandlerAdapter.invokeHandlerMethod(RequestMappingHandlerAdapter.java:877)\n	at org.springframework.web.servlet.mvc.method.annotation.RequestMappingHandlerAdapter.handleInternal(RequestMappingHandlerAdapter.java:783)\n	at org.springframework.web.servlet.mvc.method.AbstractHandlerMethodAdapter.handle(AbstractHandlerMethodAdapter.java:87)\n	at org.springframework.web.servlet.DispatcherServlet.doDispatch(DispatcherServlet.java:991)\n	at org.springframework.web.servlet.DispatcherServlet.doService(DispatcherServlet.java:925)\n	at org.springframework.web.servlet.FrameworkServlet.processRequest(FrameworkServlet.java:974)\n	at org.springframework.web.servlet.FrameworkServlet.doGet(FrameworkServlet.java:866)\n	at javax.servlet.http.HttpServlet.service(HttpServlet.java:635)\n	at org.springframework.web.servlet.FrameworkServlet.service(FrameworkServlet.java:851)\n	at javax.servlet.http.HttpServlet.service(HttpServlet.java:742)\n	at org.apache.catalina.core.ApplicationFilterChain.internalDoFilter(ApplicationFilterChain.java:231)\n	at org.apache.catalina.core.ApplicationFilterChain.doFilter(ApplicationFilterChain.java:166)\n	at org.apache.tomcat.websocket.server.WsFilter.doFilter(WsFilter.java:52)\n	at org.apache.catalina.core.ApplicationFilterChain.internalDoFilter(ApplicationFilterChain.java:193)\n	at org.apache.catalina.core.ApplicationFilterChain.doFilter(ApplicationFilterChain.java:166)\n	at org.apache.shiro.web.servlet.ProxiedFilterChain.doFilter(ProxiedFilterChain.java:61)\n	at org.apache.shiro.web.servlet.AdviceFilter.executeChain(AdviceFilter.java:108)\n	at org.apache.shiro.web.servlet.AdviceFilter.doFilterInternal(AdviceFilter.java:137)\n	at org.apache.shiro.web.servlet.OncePerRequestFilter.doFilter(OncePerRequestFilter.java:154)\n	at org.apache.shiro.web.servlet.ProxiedFilterChain.doFilter(ProxiedFilterChain.java:66)\n	at org.apache.shiro.web.servlet.AdviceFilter.executeChain(AdviceFilter.java:108)\n	at org.apache.shiro.web.servlet.AdviceFilter.doFilterInternal(AdviceFilter.java:137)\n	at org.apache.shiro.web.servlet.OncePerRequestFilter.doFilter(OncePerRequestFilter.java:154)\n	at org.apache.shiro.web.servlet.ProxiedFilterChain.doFilter(ProxiedFilterChain.java:66)\n	at org.apache.shiro.web.servlet.AbstractShiroFilter.executeChain(AbstractShiroFilter.java:458)\n	at org.apache.shiro.web.servlet.AbstractShiroFilterT1.call(AbstractShiroFilter.java:373)\n	at org.apache.shiro.subject.support.SubjectCallable.doCall(SubjectCallable.java:90)\n	at org.apache.shiro.subject.support.SubjectCallable.call(SubjectCallable.java:83)\n	at org.apache.shiro.subject.support.DelegatingSubject.execute(DelegatingSubject.java:387)\n	at org.apache.shiro.web.servlet.AbstractShiroFilter.doFilterInternal(AbstractShiroFilter.java:370)\n	at org.apache.shiro.web.servlet.OncePerRequestFilter.doFilter(OncePerRequestFilter.java:154)\n	at org.apache.catalina.core.ApplicationFilterChain.internalDoFilter(ApplicationFilterChain.java:193)\n	at org.apache.catalina.core.ApplicationFilterChain.doFilter(ApplicationFilterChain.java:166)\n	at cn.stylefeng.roses.core.xss.XssFilter.doFilter(XssFilter.java:31)\n	at org.apache.catalina.core.ApplicationFilterChain.internalDoFilter(ApplicationFilterChain.java:193)\n	at org.apache.catalina.core.ApplicationFilterChain.doFilter(ApplicationFilterChain.java:166)\n	at com.alibaba.druid.support.http.WebStatFilter.doFilter(WebStatFilter.java:123)\n	at org.apache.catalina.core.ApplicationFilterChain.internalDoFilter(ApplicationFilterChain.java:193)\n	at org.apache.catalina.core.ApplicationFilterChain.doFilter(ApplicationFilterChain.java:166)\n	at org.springframework.web.filter.RequestContextFilter.doFilterInternal(RequestContextFilter.java:99)\n	at org.springframework.web.filter.OncePerRequestFilter.doFilter(OncePerRequestFilter.java:107)\n	at org.apache.catalina.core.ApplicationFilterChain.internalDoFilter(ApplicationFilterChain.java:193)\n	at org.apache.catalina.core.ApplicationFilterChain.doFilter(ApplicationFilterChain.java:166)\n	at org.springframework.web.filter.HttpPutFormContentFilter.doFilterInternal(HttpPutFormContentFilter.java:109)\n	at org.springframework.web.filter.OncePerRequestFilter.doFilter(OncePerRequestFilter.java:107)\n	at org.apache.catalina.core.ApplicationFilterChain.internalDoFilter(ApplicationFilterChain.java:193)\n	at org.apache.catalina.core.ApplicationFilterChain.doFilter(ApplicationFilterChain.java:166)\n	at org.springframework.web.filter.HiddenHttpMethodFilter.doFilterInternal(HiddenHttpMethodFilter.java:81)\n	at org.springframework.web.filter.OncePerRequestFilter.doFilter(OncePerRequestFilter.java:107)\n	at org.apache.catalina.core.ApplicationFilterChain.internalDoFilter(ApplicationFilterChain.java:193)\n	at org.apache.catalina.core.ApplicationFilterChain.doFilter(ApplicationFilterChain.java:166)\n	at org.springframework.web.filter.CharacterEncodingFilter.doFilterInternal(CharacterEncodingFilter.java:200)\n	at org.springframework.web.filter.OncePerRequestFilter.doFilter(OncePerRequestFilter.java:107)\n	at org.apache.catalina.core.ApplicationFilterChain.internalDoFilter(ApplicationFilterChain.java:193)\n	at org.apache.catalina.core.ApplicationFilterChain.doFilter(ApplicationFilterChain.java:166)\n	at org.apache.catalina.core.StandardWrapperValve.invoke(StandardWrapperValve.java:198)\n	at org.apache.catalina.core.StandardContextValve.invoke(StandardContextValve.java:96)\n	at org.apache.catalina.authenticator.AuthenticatorBase.invoke(AuthenticatorBase.java:496)\n	at org.apache.catalina.core.StandardHostValve.invoke(StandardHostValve.java:140)\n	at org.apache.catalina.valves.ErrorReportValve.invoke(ErrorReportValve.java:81)\n	at org.apache.catalina.core.StandardEngineValve.invoke(StandardEngineValve.java:87)\n	at org.apache.catalina.connector.CoyoteAdapter.service(CoyoteAdapter.java:342)\n	at org.apache.coyote.http11.Http11Processor.service(Http11Processor.java:803)\n	at org.apache.coyote.AbstractProcessorLight.process(AbstractProcessorLight.java:66)\n	at org.apache.coyote.AbstractProtocolTConnectionHandler.process(AbstractProtocol.java:790)\n	at org.apache.tomcat.util.net.NioEndpointTSocketProcessor.doRun(NioEndpoint.java:1459)\n	at org.apache.tomcat.util.net.SocketProcessorBase.run(SocketProcessorBase.java:49)\n	at java.base/java.util.concurrent.ThreadPoolExecutor.runWorker(ThreadPoolExecutor.java:1128)\n	at java.base/java.util.concurrent.ThreadPoolExecutorTWorker.run(ThreadPoolExecutor.java:628)\n	at org.apache.tomcat.util.threads.TaskThreadTWrappingRunnable.run(TaskThread.java:61)\n	at java.base/java.lang.Thread.run(Thread.java:829)\n'),(610,'业务日志','重置管理员密码',1,'com.jsnjfz.manage.modular.system.controller.UserMgrController','reset','2025-07-04 02:56:12','成功','账号=admin'),(611,'业务日志','删除管理员',1,'com.jsnjfz.manage.modular.system.controller.UserMgrController','delete','2025-07-04 02:56:55','成功','账号=manager'),(612,'业务日志','添加管理员',1,'com.jsnjfz.manage.modular.system.controller.UserMgrController','add','2025-07-04 02:57:24','成功','账号=matt'),(613,'异常日志','',1,NULL,NULL,'2025-07-04 02:57:34','失败','cn.stylefeng.roses.kernel.model.exception.ServiceException: 不能冻结超级管理员\n	at com.jsnjfz.manage.modular.system.controller.UserMgrController.freeze(UserMgrController.java:314)\n	at com.jsnjfz.manage.modular.system.controller.UserMgrControllerTTFastClassBySpringCGLIBTT4b9ab4d1.invoke(<generated>)\n	at org.springframework.cglib.proxy.MethodProxy.invoke(MethodProxy.java:204)\n	at org.springframework.aop.framework.CglibAopProxyTCglibMethodInvocation.invokeJoinpoint(CglibAopProxy.java:747)\n	at org.springframework.aop.framework.ReflectiveMethodInvocation.proceed(ReflectiveMethodInvocation.java:163)\n	at org.springframework.aop.aspectj.MethodInvocationProceedingJoinPoint.proceed(MethodInvocationProceedingJoinPoint.java:89)\n	at com.jsnjfz.manage.core.interceptor.SessionHolderInterceptor.sessionKit(SessionHolderInterceptor.java:44)\n	at jdk.internal.reflect.GeneratedMethodAccessor107.invoke(Unknown Source)\n	at java.base/jdk.internal.reflect.DelegatingMethodAccessorImpl.invoke(DelegatingMethodAccessorImpl.java:43)\n	at java.base/java.lang.reflect.Method.invoke(Method.java:566)\n	at org.springframework.aop.aspectj.AbstractAspectJAdvice.invokeAdviceMethodWithGivenArgs(AbstractAspectJAdvice.java:644)\n	at org.springframework.aop.aspectj.AbstractAspectJAdvice.invokeAdviceMethod(AbstractAspectJAdvice.java:633)\n	at org.springframework.aop.aspectj.AspectJAroundAdvice.invoke(AspectJAroundAdvice.java:70)\n	at org.springframework.aop.framework.ReflectiveMethodInvocation.proceed(ReflectiveMethodInvocation.java:185)\n	at org.springframework.aop.aspectj.MethodInvocationProceedingJoinPoint.proceed(MethodInvocationProceedingJoinPoint.java:89)\n	at com.jsnjfz.manage.core.aop.LogAop.recordSysLog(LogAop.java:62)\n	at java.base/jdk.internal.reflect.NativeMethodAccessorImpl.invoke0(Native Method)\n	at java.base/jdk.internal.reflect.NativeMethodAccessorImpl.invoke(NativeMethodAccessorImpl.java:62)\n	at java.base/jdk.internal.reflect.DelegatingMethodAccessorImpl.invoke(DelegatingMethodAccessorImpl.java:43)\n	at java.base/java.lang.reflect.Method.invoke(Method.java:566)\n	at org.springframework.aop.aspectj.AbstractAspectJAdvice.invokeAdviceMethodWithGivenArgs(AbstractAspectJAdvice.java:644)\n	at org.springframework.aop.aspectj.AbstractAspectJAdvice.invokeAdviceMethod(AbstractAspectJAdvice.java:633)\n	at org.springframework.aop.aspectj.AspectJAroundAdvice.invoke(AspectJAroundAdvice.java:70)\n	at org.springframework.aop.framework.ReflectiveMethodInvocation.proceed(ReflectiveMethodInvocation.java:174)\n	at org.springframework.aop.aspectj.MethodInvocationProceedingJoinPoint.proceed(MethodInvocationProceedingJoinPoint.java:89)\n	at com.jsnjfz.manage.core.aop.PermissionAop.doPermission(PermissionAop.java:72)\n	at java.base/jdk.internal.reflect.NativeMethodAccessorImpl.invoke0(Native Method)\n	at java.base/jdk.internal.reflect.NativeMethodAccessorImpl.invoke(NativeMethodAccessorImpl.java:62)\n	at java.base/jdk.internal.reflect.DelegatingMethodAccessorImpl.invoke(DelegatingMethodAccessorImpl.java:43)\n	at java.base/java.lang.reflect.Method.invoke(Method.java:566)\n	at org.springframework.aop.aspectj.AbstractAspectJAdvice.invokeAdviceMethodWithGivenArgs(AbstractAspectJAdvice.java:644)\n	at org.springframework.aop.aspectj.AbstractAspectJAdvice.invokeAdviceMethod(AbstractAspectJAdvice.java:633)\n	at org.springframework.aop.aspectj.AspectJAroundAdvice.invoke(AspectJAroundAdvice.java:70)\n	at org.springframework.aop.framework.ReflectiveMethodInvocation.proceed(ReflectiveMethodInvocation.java:174)\n	at org.springframework.aop.interceptor.ExposeInvocationInterceptor.invoke(ExposeInvocationInterceptor.java:92)\n	at org.springframework.aop.framework.ReflectiveMethodInvocation.proceed(ReflectiveMethodInvocation.java:185)\n	at org.springframework.aop.framework.CglibAopProxyTDynamicAdvisedInterceptor.intercept(CglibAopProxy.java:689)\n	at com.jsnjfz.manage.modular.system.controller.UserMgrControllerTTEnhancerBySpringCGLIBTT8f6a741b.freeze(<generated>)\n	at java.base/jdk.internal.reflect.NativeMethodAccessorImpl.invoke0(Native Method)\n	at java.base/jdk.internal.reflect.NativeMethodAccessorImpl.invoke(NativeMethodAccessorImpl.java:62)\n	at java.base/jdk.internal.reflect.DelegatingMethodAccessorImpl.invoke(DelegatingMethodAccessorImpl.java:43)\n	at java.base/java.lang.reflect.Method.invoke(Method.java:566)\n	at org.springframework.web.method.support.InvocableHandlerMethod.doInvoke(InvocableHandlerMethod.java:209)\n	at org.springframework.web.method.support.InvocableHandlerMethod.invokeForRequest(InvocableHandlerMethod.java:136)\n	at org.springframework.web.servlet.mvc.method.annotation.ServletInvocableHandlerMethod.invokeAndHandle(ServletInvocableHandlerMethod.java:102)\n	at org.springframework.web.servlet.mvc.method.annotation.RequestMappingHandlerAdapter.invokeHandlerMethod(RequestMappingHandlerAdapter.java:877)\n	at org.springframework.web.servlet.mvc.method.annotation.RequestMappingHandlerAdapter.handleInternal(RequestMappingHandlerAdapter.java:783)\n	at org.springframework.web.servlet.mvc.method.AbstractHandlerMethodAdapter.handle(AbstractHandlerMethodAdapter.java:87)\n	at org.springframework.web.servlet.DispatcherServlet.doDispatch(DispatcherServlet.java:991)\n	at org.springframework.web.servlet.DispatcherServlet.doService(DispatcherServlet.java:925)\n	at org.springframework.web.servlet.FrameworkServlet.processRequest(FrameworkServlet.java:974)\n	at org.springframework.web.servlet.FrameworkServlet.doPost(FrameworkServlet.java:877)\n	at javax.servlet.http.HttpServlet.service(HttpServlet.java:661)\n	at org.springframework.web.servlet.FrameworkServlet.service(FrameworkServlet.java:851)\n	at javax.servlet.http.HttpServlet.service(HttpServlet.java:742)\n	at org.apache.catalina.core.ApplicationFilterChain.internalDoFilter(ApplicationFilterChain.java:231)\n	at org.apache.catalina.core.ApplicationFilterChain.doFilter(ApplicationFilterChain.java:166)\n	at org.apache.tomcat.websocket.server.WsFilter.doFilter(WsFilter.java:52)\n	at org.apache.catalina.core.ApplicationFilterChain.internalDoFilter(ApplicationFilterChain.java:193)\n	at org.apache.catalina.core.ApplicationFilterChain.doFilter(ApplicationFilterChain.java:166)\n	at org.apache.shiro.web.servlet.ProxiedFilterChain.doFilter(ProxiedFilterChain.java:61)\n	at org.apache.shiro.web.servlet.AdviceFilter.executeChain(AdviceFilter.java:108)\n	at org.apache.shiro.web.servlet.AdviceFilter.doFilterInternal(AdviceFilter.java:137)\n	at org.apache.shiro.web.servlet.OncePerRequestFilter.doFilter(OncePerRequestFilter.java:154)\n	at org.apache.shiro.web.servlet.ProxiedFilterChain.doFilter(ProxiedFilterChain.java:66)\n	at org.apache.shiro.web.servlet.AdviceFilter.executeChain(AdviceFilter.java:108)\n	at org.apache.shiro.web.servlet.AdviceFilter.doFilterInternal(AdviceFilter.java:137)\n	at org.apache.shiro.web.servlet.OncePerRequestFilter.doFilter(OncePerRequestFilter.java:154)\n	at org.apache.shiro.web.servlet.ProxiedFilterChain.doFilter(ProxiedFilterChain.java:66)\n	at org.apache.shiro.web.servlet.AbstractShiroFilter.executeChain(AbstractShiroFilter.java:458)\n	at org.apache.shiro.web.servlet.AbstractShiroFilterT1.call(AbstractShiroFilter.java:373)\n	at org.apache.shiro.subject.support.SubjectCallable.doCall(SubjectCallable.java:90)\n	at org.apache.shiro.subject.support.SubjectCallable.call(SubjectCallable.java:83)\n	at org.apache.shiro.subject.support.DelegatingSubject.execute(DelegatingSubject.java:387)\n	at org.apache.shiro.web.servlet.AbstractShiroFilter.doFilterInternal(AbstractShiroFilter.java:370)\n	at org.apache.shiro.web.servlet.OncePerRequestFilter.doFilter(OncePerRequestFilter.java:154)\n	at org.apache.catalina.core.ApplicationFilterChain.internalDoFilter(ApplicationFilterChain.java:193)\n	at org.apache.catalina.core.ApplicationFilterChain.doFilter(ApplicationFilterChain.java:166)\n	at cn.stylefeng.roses.core.xss.XssFilter.doFilter(XssFilter.java:31)\n	at org.apache.catalina.core.ApplicationFilterChain.internalDoFilter(ApplicationFilterChain.java:193)\n	at org.apache.catalina.core.ApplicationFilterChain.doFilter(ApplicationFilterChain.java:166)\n	at com.alibaba.druid.support.http.WebStatFilter.doFilter(WebStatFilter.java:123)\n	at org.apache.catalina.core.ApplicationFilterChain.internalDoFilter(ApplicationFilterChain.java:193)\n	at org.apache.catalina.core.ApplicationFilterChain.doFilter(ApplicationFilterChain.java:166)\n	at org.springframework.web.filter.RequestContextFilter.doFilterInternal(RequestContextFilter.java:99)\n	at org.springframework.web.filter.OncePerRequestFilter.doFilter(OncePerRequestFilter.java:107)\n	at org.apache.catalina.core.ApplicationFilterChain.internalDoFilter(ApplicationFilterChain.java:193)\n	at org.apache.catalina.core.ApplicationFilterChain.doFilter(ApplicationFilterChain.java:166)\n	at org.springframework.web.filter.HttpPutFormContentFilter.doFilterInternal(HttpPutFormContentFilter.java:109)\n	at org.springframework.web.filter.OncePerRequestFilter.doFilter(OncePerRequestFilter.java:107)\n	at org.apache.catalina.core.ApplicationFilterChain.internalDoFilter(ApplicationFilterChain.java:193)\n	at org.apache.catalina.core.ApplicationFilterChain.doFilter(ApplicationFilterChain.java:166)\n	at org.springframework.web.filter.HiddenHttpMethodFilter.doFilterInternal(HiddenHttpMethodFilter.java:81)\n	at org.springframework.web.filter.OncePerRequestFilter.doFilter(OncePerRequestFilter.java:107)\n	at org.apache.catalina.core.ApplicationFilterChain.internalDoFilter(ApplicationFilterChain.java:193)\n	at org.apache.catalina.core.ApplicationFilterChain.doFilter(ApplicationFilterChain.java:166)\n	at org.springframework.web.filter.CharacterEncodingFilter.doFilterInternal(CharacterEncodingFilter.java:200)\n	at org.springframework.web.filter.OncePerRequestFilter.doFilter(OncePerRequestFilter.java:107)\n	at org.apache.catalina.core.ApplicationFilterChain.internalDoFilter(ApplicationFilterChain.java:193)\n	at org.apache.catalina.core.ApplicationFilterChain.doFilter(ApplicationFilterChain.java:166)\n	at org.apache.catalina.core.StandardWrapperValve.invoke(StandardWrapperValve.java:198)\n	at org.apache.catalina.core.StandardContextValve.invoke(StandardContextValve.java:96)\n	at org.apache.catalina.authenticator.AuthenticatorBase.invoke(AuthenticatorBase.java:496)\n	at org.apache.catalina.core.StandardHostValve.invoke(StandardHostValve.java:140)\n	at org.apache.catalina.valves.ErrorReportValve.invoke(ErrorReportValve.java:81)\n	at org.apache.catalina.core.StandardEngineValve.invoke(StandardEngineValve.java:87)\n	at org.apache.catalina.connector.CoyoteAdapter.service(CoyoteAdapter.java:342)\n	at org.apache.coyote.http11.Http11Processor.service(Http11Processor.java:803)\n	at org.apache.coyote.AbstractProcessorLight.process(AbstractProcessorLight.java:66)\n	at org.apache.coyote.AbstractProtocolTConnectionHandler.process(AbstractProtocol.java:790)\n	at org.apache.tomcat.util.net.NioEndpointTSocketProcessor.doRun(NioEndpoint.java:1459)\n	at org.apache.tomcat.util.net.SocketProcessorBase.run(SocketProcessorBase.java:49)\n	at java.base/java.util.concurrent.ThreadPoolExecutor.runWorker(ThreadPoolExecutor.java:1128)\n	at java.base/java.util.concurrent.ThreadPoolExecutorTWorker.run(ThreadPoolExecutor.java:628)\n	at org.apache.tomcat.util.threads.TaskThreadTWrappingRunnable.run(TaskThread.java:61)\n	at java.base/java.lang.Thread.run(Thread.java:829)\n'),(614,'异常日志','',1,NULL,NULL,'2025-07-04 02:57:39','失败','cn.stylefeng.roses.kernel.model.exception.ServiceException: 不能删除超级管理员\n	at com.jsnjfz.manage.modular.system.controller.UserMgrController.delete(UserMgrController.java:262)\n	at com.jsnjfz.manage.modular.system.controller.UserMgrControllerTTFastClassBySpringCGLIBTT4b9ab4d1.invoke(<generated>)\n	at org.springframework.cglib.proxy.MethodProxy.invoke(MethodProxy.java:204)\n	at org.springframework.aop.framework.CglibAopProxyTCglibMethodInvocation.invokeJoinpoint(CglibAopProxy.java:747)\n	at org.springframework.aop.framework.ReflectiveMethodInvocation.proceed(ReflectiveMethodInvocation.java:163)\n	at org.springframework.aop.aspectj.MethodInvocationProceedingJoinPoint.proceed(MethodInvocationProceedingJoinPoint.java:89)\n	at com.jsnjfz.manage.core.interceptor.SessionHolderInterceptor.sessionKit(SessionHolderInterceptor.java:44)\n	at jdk.internal.reflect.GeneratedMethodAccessor107.invoke(Unknown Source)\n	at java.base/jdk.internal.reflect.DelegatingMethodAccessorImpl.invoke(DelegatingMethodAccessorImpl.java:43)\n	at java.base/java.lang.reflect.Method.invoke(Method.java:566)\n	at org.springframework.aop.aspectj.AbstractAspectJAdvice.invokeAdviceMethodWithGivenArgs(AbstractAspectJAdvice.java:644)\n	at org.springframework.aop.aspectj.AbstractAspectJAdvice.invokeAdviceMethod(AbstractAspectJAdvice.java:633)\n	at org.springframework.aop.aspectj.AspectJAroundAdvice.invoke(AspectJAroundAdvice.java:70)\n	at org.springframework.aop.framework.ReflectiveMethodInvocation.proceed(ReflectiveMethodInvocation.java:185)\n	at org.springframework.aop.aspectj.MethodInvocationProceedingJoinPoint.proceed(MethodInvocationProceedingJoinPoint.java:89)\n	at com.jsnjfz.manage.core.aop.LogAop.recordSysLog(LogAop.java:62)\n	at java.base/jdk.internal.reflect.NativeMethodAccessorImpl.invoke0(Native Method)\n	at java.base/jdk.internal.reflect.NativeMethodAccessorImpl.invoke(NativeMethodAccessorImpl.java:62)\n	at java.base/jdk.internal.reflect.DelegatingMethodAccessorImpl.invoke(DelegatingMethodAccessorImpl.java:43)\n	at java.base/java.lang.reflect.Method.invoke(Method.java:566)\n	at org.springframework.aop.aspectj.AbstractAspectJAdvice.invokeAdviceMethodWithGivenArgs(AbstractAspectJAdvice.java:644)\n	at org.springframework.aop.aspectj.AbstractAspectJAdvice.invokeAdviceMethod(AbstractAspectJAdvice.java:633)\n	at org.springframework.aop.aspectj.AspectJAroundAdvice.invoke(AspectJAroundAdvice.java:70)\n	at org.springframework.aop.framework.ReflectiveMethodInvocation.proceed(ReflectiveMethodInvocation.java:174)\n	at org.springframework.aop.aspectj.MethodInvocationProceedingJoinPoint.proceed(MethodInvocationProceedingJoinPoint.java:89)\n	at com.jsnjfz.manage.core.aop.PermissionAop.doPermission(PermissionAop.java:62)\n	at jdk.internal.reflect.GeneratedMethodAccessor170.invoke(Unknown Source)\n	at java.base/jdk.internal.reflect.DelegatingMethodAccessorImpl.invoke(DelegatingMethodAccessorImpl.java:43)\n	at java.base/java.lang.reflect.Method.invoke(Method.java:566)\n	at org.springframework.aop.aspectj.AbstractAspectJAdvice.invokeAdviceMethodWithGivenArgs(AbstractAspectJAdvice.java:644)\n	at org.springframework.aop.aspectj.AbstractAspectJAdvice.invokeAdviceMethod(AbstractAspectJAdvice.java:633)\n	at org.springframework.aop.aspectj.AspectJAroundAdvice.invoke(AspectJAroundAdvice.java:70)\n	at org.springframework.aop.framework.ReflectiveMethodInvocation.proceed(ReflectiveMethodInvocation.java:174)\n	at org.springframework.aop.interceptor.ExposeInvocationInterceptor.invoke(ExposeInvocationInterceptor.java:92)\n	at org.springframework.aop.framework.ReflectiveMethodInvocation.proceed(ReflectiveMethodInvocation.java:185)\n	at org.springframework.aop.framework.CglibAopProxyTDynamicAdvisedInterceptor.intercept(CglibAopProxy.java:689)\n	at com.jsnjfz.manage.modular.system.controller.UserMgrControllerTTEnhancerBySpringCGLIBTT8f6a741b.delete(<generated>)\n	at java.base/jdk.internal.reflect.NativeMethodAccessorImpl.invoke0(Native Method)\n	at java.base/jdk.internal.reflect.NativeMethodAccessorImpl.invoke(NativeMethodAccessorImpl.java:62)\n	at java.base/jdk.internal.reflect.DelegatingMethodAccessorImpl.invoke(DelegatingMethodAccessorImpl.java:43)\n	at java.base/java.lang.reflect.Method.invoke(Method.java:566)\n	at org.springframework.web.method.support.InvocableHandlerMethod.doInvoke(InvocableHandlerMethod.java:209)\n	at org.springframework.web.method.support.InvocableHandlerMethod.invokeForRequest(InvocableHandlerMethod.java:136)\n	at org.springframework.web.servlet.mvc.method.annotation.ServletInvocableHandlerMethod.invokeAndHandle(ServletInvocableHandlerMethod.java:102)\n	at org.springframework.web.servlet.mvc.method.annotation.RequestMappingHandlerAdapter.invokeHandlerMethod(RequestMappingHandlerAdapter.java:877)\n	at org.springframework.web.servlet.mvc.method.annotation.RequestMappingHandlerAdapter.handleInternal(RequestMappingHandlerAdapter.java:783)\n	at org.springframework.web.servlet.mvc.method.AbstractHandlerMethodAdapter.handle(AbstractHandlerMethodAdapter.java:87)\n	at org.springframework.web.servlet.DispatcherServlet.doDispatch(DispatcherServlet.java:991)\n	at org.springframework.web.servlet.DispatcherServlet.doService(DispatcherServlet.java:925)\n	at org.springframework.web.servlet.FrameworkServlet.processRequest(FrameworkServlet.java:974)\n	at org.springframework.web.servlet.FrameworkServlet.doPost(FrameworkServlet.java:877)\n	at javax.servlet.http.HttpServlet.service(HttpServlet.java:661)\n	at org.springframework.web.servlet.FrameworkServlet.service(FrameworkServlet.java:851)\n	at javax.servlet.http.HttpServlet.service(HttpServlet.java:742)\n	at org.apache.catalina.core.ApplicationFilterChain.internalDoFilter(ApplicationFilterChain.java:231)\n	at org.apache.catalina.core.ApplicationFilterChain.doFilter(ApplicationFilterChain.java:166)\n	at org.apache.tomcat.websocket.server.WsFilter.doFilter(WsFilter.java:52)\n	at org.apache.catalina.core.ApplicationFilterChain.internalDoFilter(ApplicationFilterChain.java:193)\n	at org.apache.catalina.core.ApplicationFilterChain.doFilter(ApplicationFilterChain.java:166)\n	at org.apache.shiro.web.servlet.ProxiedFilterChain.doFilter(ProxiedFilterChain.java:61)\n	at org.apache.shiro.web.servlet.AdviceFilter.executeChain(AdviceFilter.java:108)\n	at org.apache.shiro.web.servlet.AdviceFilter.doFilterInternal(AdviceFilter.java:137)\n	at org.apache.shiro.web.servlet.OncePerRequestFilter.doFilter(OncePerRequestFilter.java:154)\n	at org.apache.shiro.web.servlet.ProxiedFilterChain.doFilter(ProxiedFilterChain.java:66)\n	at org.apache.shiro.web.servlet.AdviceFilter.executeChain(AdviceFilter.java:108)\n	at org.apache.shiro.web.servlet.AdviceFilter.doFilterInternal(AdviceFilter.java:137)\n	at org.apache.shiro.web.servlet.OncePerRequestFilter.doFilter(OncePerRequestFilter.java:154)\n	at org.apache.shiro.web.servlet.ProxiedFilterChain.doFilter(ProxiedFilterChain.java:66)\n	at org.apache.shiro.web.servlet.AbstractShiroFilter.executeChain(AbstractShiroFilter.java:458)\n	at org.apache.shiro.web.servlet.AbstractShiroFilterT1.call(AbstractShiroFilter.java:373)\n	at org.apache.shiro.subject.support.SubjectCallable.doCall(SubjectCallable.java:90)\n	at org.apache.shiro.subject.support.SubjectCallable.call(SubjectCallable.java:83)\n	at org.apache.shiro.subject.support.DelegatingSubject.execute(DelegatingSubject.java:387)\n	at org.apache.shiro.web.servlet.AbstractShiroFilter.doFilterInternal(AbstractShiroFilter.java:370)\n	at org.apache.shiro.web.servlet.OncePerRequestFilter.doFilter(OncePerRequestFilter.java:154)\n	at org.apache.catalina.core.ApplicationFilterChain.internalDoFilter(ApplicationFilterChain.java:193)\n	at org.apache.catalina.core.ApplicationFilterChain.doFilter(ApplicationFilterChain.java:166)\n	at cn.stylefeng.roses.core.xss.XssFilter.doFilter(XssFilter.java:31)\n	at org.apache.catalina.core.ApplicationFilterChain.internalDoFilter(ApplicationFilterChain.java:193)\n	at org.apache.catalina.core.ApplicationFilterChain.doFilter(ApplicationFilterChain.java:166)\n	at com.alibaba.druid.support.http.WebStatFilter.doFilter(WebStatFilter.java:123)\n	at org.apache.catalina.core.ApplicationFilterChain.internalDoFilter(ApplicationFilterChain.java:193)\n	at org.apache.catalina.core.ApplicationFilterChain.doFilter(ApplicationFilterChain.java:166)\n	at org.springframework.web.filter.RequestContextFilter.doFilterInternal(RequestContextFilter.java:99)\n	at org.springframework.web.filter.OncePerRequestFilter.doFilter(OncePerRequestFilter.java:107)\n	at org.apache.catalina.core.ApplicationFilterChain.internalDoFilter(ApplicationFilterChain.java:193)\n	at org.apache.catalina.core.ApplicationFilterChain.doFilter(ApplicationFilterChain.java:166)\n	at org.springframework.web.filter.HttpPutFormContentFilter.doFilterInternal(HttpPutFormContentFilter.java:109)\n	at org.springframework.web.filter.OncePerRequestFilter.doFilter(OncePerRequestFilter.java:107)\n	at org.apache.catalina.core.ApplicationFilterChain.internalDoFilter(ApplicationFilterChain.java:193)\n	at org.apache.catalina.core.ApplicationFilterChain.doFilter(ApplicationFilterChain.java:166)\n	at org.springframework.web.filter.HiddenHttpMethodFilter.doFilterInternal(HiddenHttpMethodFilter.java:81)\n	at org.springframework.web.filter.OncePerRequestFilter.doFilter(OncePerRequestFilter.java:107)\n	at org.apache.catalina.core.ApplicationFilterChain.internalDoFilter(ApplicationFilterChain.java:193)\n	at org.apache.catalina.core.ApplicationFilterChain.doFilter(ApplicationFilterChain.java:166)\n	at org.springframework.web.filter.CharacterEncodingFilter.doFilterInternal(CharacterEncodingFilter.java:200)\n	at org.springframework.web.filter.OncePerRequestFilter.doFilter(OncePerRequestFilter.java:107)\n	at org.apache.catalina.core.ApplicationFilterChain.internalDoFilter(ApplicationFilterChain.java:193)\n	at org.apache.catalina.core.ApplicationFilterChain.doFilter(ApplicationFilterChain.java:166)\n	at org.apache.catalina.core.StandardWrapperValve.invoke(StandardWrapperValve.java:198)\n	at org.apache.catalina.core.StandardContextValve.invoke(StandardContextValve.java:96)\n	at org.apache.catalina.authenticator.AuthenticatorBase.invoke(AuthenticatorBase.java:496)\n	at org.apache.catalina.core.StandardHostValve.invoke(StandardHostValve.java:140)\n	at org.apache.catalina.valves.ErrorReportValve.invoke(ErrorReportValve.java:81)\n	at org.apache.catalina.core.StandardEngineValve.invoke(StandardEngineValve.java:87)\n	at org.apache.catalina.connector.CoyoteAdapter.service(CoyoteAdapter.java:342)\n	at org.apache.coyote.http11.Http11Processor.service(Http11Processor.java:803)\n	at org.apache.coyote.AbstractProcessorLight.process(AbstractProcessorLight.java:66)\n	at org.apache.coyote.AbstractProtocolTConnectionHandler.process(AbstractProtocol.java:790)\n	at org.apache.tomcat.util.net.NioEndpointTSocketProcessor.doRun(NioEndpoint.java:1459)\n	at org.apache.tomcat.util.net.SocketProcessorBase.run(SocketProcessorBase.java:49)\n	at java.base/java.util.concurrent.ThreadPoolExecutor.runWorker(ThreadPoolExecutor.java:1128)\n	at java.base/java.util.concurrent.ThreadPoolExecutorTWorker.run(ThreadPoolExecutor.java:628)\n	at org.apache.tomcat.util.threads.TaskThreadTWrappingRunnable.run(TaskThread.java:61)\n	at java.base/java.lang.Thread.run(Thread.java:829)\n'),(615,'业务日志','修改管理员',1,'com.jsnjfz.manage.modular.system.controller.UserMgrController','edit','2025-07-04 02:57:56','成功','账号=matt;;;字段名称:头像,旧值:54660837-c66b-4293-a916-fbb8ca02407a.jpg,新值:;;;字段名称:账号,旧值:admin,新值:matt;;;字段名称:null,旧值:3c157b0c814810344b9cae599da280ad,新值:'),(616,'业务日志','删除管理员',1,'com.jsnjfz.manage.modular.system.controller.UserMgrController','delete','2025-07-04 02:58:11','成功','账号=matt'),(617,'业务日志','修改管理员',1,'com.jsnjfz.manage.modular.system.controller.UserMgrController','edit','2025-07-04 02:58:17','成功','账号=matt;;;字段名称:头像,旧值:54660837-c66b-4293-a916-fbb8ca02407a.jpg,新值:;;;字段名称:账号,旧值:admin,新值:matt;;;字段名称:null,旧值:3c157b0c814810344b9cae599da280ad,新值:'),(618,'异常日志','',1,NULL,NULL,'2025-07-04 02:58:33','失败','cn.stylefeng.roses.kernel.model.exception.ServiceException: 不能删除超级管理员\n	at com.jsnjfz.manage.modular.system.controller.UserMgrController.delete(UserMgrController.java:262)\n	at com.jsnjfz.manage.modular.system.controller.UserMgrControllerTTFastClassBySpringCGLIBTT4b9ab4d1.invoke(<generated>)\n	at org.springframework.cglib.proxy.MethodProxy.invoke(MethodProxy.java:204)\n	at org.springframework.aop.framework.CglibAopProxyTCglibMethodInvocation.invokeJoinpoint(CglibAopProxy.java:747)\n	at org.springframework.aop.framework.ReflectiveMethodInvocation.proceed(ReflectiveMethodInvocation.java:163)\n	at org.springframework.aop.aspectj.MethodInvocationProceedingJoinPoint.proceed(MethodInvocationProceedingJoinPoint.java:89)\n	at com.jsnjfz.manage.core.interceptor.SessionHolderInterceptor.sessionKit(SessionHolderInterceptor.java:44)\n	at jdk.internal.reflect.GeneratedMethodAccessor107.invoke(Unknown Source)\n	at java.base/jdk.internal.reflect.DelegatingMethodAccessorImpl.invoke(DelegatingMethodAccessorImpl.java:43)\n	at java.base/java.lang.reflect.Method.invoke(Method.java:566)\n	at org.springframework.aop.aspectj.AbstractAspectJAdvice.invokeAdviceMethodWithGivenArgs(AbstractAspectJAdvice.java:644)\n	at org.springframework.aop.aspectj.AbstractAspectJAdvice.invokeAdviceMethod(AbstractAspectJAdvice.java:633)\n	at org.springframework.aop.aspectj.AspectJAroundAdvice.invoke(AspectJAroundAdvice.java:70)\n	at org.springframework.aop.framework.ReflectiveMethodInvocation.proceed(ReflectiveMethodInvocation.java:185)\n	at org.springframework.aop.aspectj.MethodInvocationProceedingJoinPoint.proceed(MethodInvocationProceedingJoinPoint.java:89)\n	at com.jsnjfz.manage.core.aop.LogAop.recordSysLog(LogAop.java:62)\n	at java.base/jdk.internal.reflect.NativeMethodAccessorImpl.invoke0(Native Method)\n	at java.base/jdk.internal.reflect.NativeMethodAccessorImpl.invoke(NativeMethodAccessorImpl.java:62)\n	at java.base/jdk.internal.reflect.DelegatingMethodAccessorImpl.invoke(DelegatingMethodAccessorImpl.java:43)\n	at java.base/java.lang.reflect.Method.invoke(Method.java:566)\n	at org.springframework.aop.aspectj.AbstractAspectJAdvice.invokeAdviceMethodWithGivenArgs(AbstractAspectJAdvice.java:644)\n	at org.springframework.aop.aspectj.AbstractAspectJAdvice.invokeAdviceMethod(AbstractAspectJAdvice.java:633)\n	at org.springframework.aop.aspectj.AspectJAroundAdvice.invoke(AspectJAroundAdvice.java:70)\n	at org.springframework.aop.framework.ReflectiveMethodInvocation.proceed(ReflectiveMethodInvocation.java:174)\n	at org.springframework.aop.aspectj.MethodInvocationProceedingJoinPoint.proceed(MethodInvocationProceedingJoinPoint.java:89)\n	at com.jsnjfz.manage.core.aop.PermissionAop.doPermission(PermissionAop.java:62)\n	at jdk.internal.reflect.GeneratedMethodAccessor170.invoke(Unknown Source)\n	at java.base/jdk.internal.reflect.DelegatingMethodAccessorImpl.invoke(DelegatingMethodAccessorImpl.java:43)\n	at java.base/java.lang.reflect.Method.invoke(Method.java:566)\n	at org.springframework.aop.aspectj.AbstractAspectJAdvice.invokeAdviceMethodWithGivenArgs(AbstractAspectJAdvice.java:644)\n	at org.springframework.aop.aspectj.AbstractAspectJAdvice.invokeAdviceMethod(AbstractAspectJAdvice.java:633)\n	at org.springframework.aop.aspectj.AspectJAroundAdvice.invoke(AspectJAroundAdvice.java:70)\n	at org.springframework.aop.framework.ReflectiveMethodInvocation.proceed(ReflectiveMethodInvocation.java:174)\n	at org.springframework.aop.interceptor.ExposeInvocationInterceptor.invoke(ExposeInvocationInterceptor.java:92)\n	at org.springframework.aop.framework.ReflectiveMethodInvocation.proceed(ReflectiveMethodInvocation.java:185)\n	at org.springframework.aop.framework.CglibAopProxyTDynamicAdvisedInterceptor.intercept(CglibAopProxy.java:689)\n	at com.jsnjfz.manage.modular.system.controller.UserMgrControllerTTEnhancerBySpringCGLIBTT8f6a741b.delete(<generated>)\n	at java.base/jdk.internal.reflect.NativeMethodAccessorImpl.invoke0(Native Method)\n	at java.base/jdk.internal.reflect.NativeMethodAccessorImpl.invoke(NativeMethodAccessorImpl.java:62)\n	at java.base/jdk.internal.reflect.DelegatingMethodAccessorImpl.invoke(DelegatingMethodAccessorImpl.java:43)\n	at java.base/java.lang.reflect.Method.invoke(Method.java:566)\n	at org.springframework.web.method.support.InvocableHandlerMethod.doInvoke(InvocableHandlerMethod.java:209)\n	at org.springframework.web.method.support.InvocableHandlerMethod.invokeForRequest(InvocableHandlerMethod.java:136)\n	at org.springframework.web.servlet.mvc.method.annotation.ServletInvocableHandlerMethod.invokeAndHandle(ServletInvocableHandlerMethod.java:102)\n	at org.springframework.web.servlet.mvc.method.annotation.RequestMappingHandlerAdapter.invokeHandlerMethod(RequestMappingHandlerAdapter.java:877)\n	at org.springframework.web.servlet.mvc.method.annotation.RequestMappingHandlerAdapter.handleInternal(RequestMappingHandlerAdapter.java:783)\n	at org.springframework.web.servlet.mvc.method.AbstractHandlerMethodAdapter.handle(AbstractHandlerMethodAdapter.java:87)\n	at org.springframework.web.servlet.DispatcherServlet.doDispatch(DispatcherServlet.java:991)\n	at org.springframework.web.servlet.DispatcherServlet.doService(DispatcherServlet.java:925)\n	at org.springframework.web.servlet.FrameworkServlet.processRequest(FrameworkServlet.java:974)\n	at org.springframework.web.servlet.FrameworkServlet.doPost(FrameworkServlet.java:877)\n	at javax.servlet.http.HttpServlet.service(HttpServlet.java:661)\n	at org.springframework.web.servlet.FrameworkServlet.service(FrameworkServlet.java:851)\n	at javax.servlet.http.HttpServlet.service(HttpServlet.java:742)\n	at org.apache.catalina.core.ApplicationFilterChain.internalDoFilter(ApplicationFilterChain.java:231)\n	at org.apache.catalina.core.ApplicationFilterChain.doFilter(ApplicationFilterChain.java:166)\n	at org.apache.tomcat.websocket.server.WsFilter.doFilter(WsFilter.java:52)\n	at org.apache.catalina.core.ApplicationFilterChain.internalDoFilter(ApplicationFilterChain.java:193)\n	at org.apache.catalina.core.ApplicationFilterChain.doFilter(ApplicationFilterChain.java:166)\n	at org.apache.shiro.web.servlet.ProxiedFilterChain.doFilter(ProxiedFilterChain.java:61)\n	at org.apache.shiro.web.servlet.AdviceFilter.executeChain(AdviceFilter.java:108)\n	at org.apache.shiro.web.servlet.AdviceFilter.doFilterInternal(AdviceFilter.java:137)\n	at org.apache.shiro.web.servlet.OncePerRequestFilter.doFilter(OncePerRequestFilter.java:154)\n	at org.apache.shiro.web.servlet.ProxiedFilterChain.doFilter(ProxiedFilterChain.java:66)\n	at org.apache.shiro.web.servlet.AdviceFilter.executeChain(AdviceFilter.java:108)\n	at org.apache.shiro.web.servlet.AdviceFilter.doFilterInternal(AdviceFilter.java:137)\n	at org.apache.shiro.web.servlet.OncePerRequestFilter.doFilter(OncePerRequestFilter.java:154)\n	at org.apache.shiro.web.servlet.ProxiedFilterChain.doFilter(ProxiedFilterChain.java:66)\n	at org.apache.shiro.web.servlet.AbstractShiroFilter.executeChain(AbstractShiroFilter.java:458)\n	at org.apache.shiro.web.servlet.AbstractShiroFilterT1.call(AbstractShiroFilter.java:373)\n	at org.apache.shiro.subject.support.SubjectCallable.doCall(SubjectCallable.java:90)\n	at org.apache.shiro.subject.support.SubjectCallable.call(SubjectCallable.java:83)\n	at org.apache.shiro.subject.support.DelegatingSubject.execute(DelegatingSubject.java:387)\n	at org.apache.shiro.web.servlet.AbstractShiroFilter.doFilterInternal(AbstractShiroFilter.java:370)\n	at org.apache.shiro.web.servlet.OncePerRequestFilter.doFilter(OncePerRequestFilter.java:154)\n	at org.apache.catalina.core.ApplicationFilterChain.internalDoFilter(ApplicationFilterChain.java:193)\n	at org.apache.catalina.core.ApplicationFilterChain.doFilter(ApplicationFilterChain.java:166)\n	at cn.stylefeng.roses.core.xss.XssFilter.doFilter(XssFilter.java:31)\n	at org.apache.catalina.core.ApplicationFilterChain.internalDoFilter(ApplicationFilterChain.java:193)\n	at org.apache.catalina.core.ApplicationFilterChain.doFilter(ApplicationFilterChain.java:166)\n	at com.alibaba.druid.support.http.WebStatFilter.doFilter(WebStatFilter.java:123)\n	at org.apache.catalina.core.ApplicationFilterChain.internalDoFilter(ApplicationFilterChain.java:193)\n	at org.apache.catalina.core.ApplicationFilterChain.doFilter(ApplicationFilterChain.java:166)\n	at org.springframework.web.filter.RequestContextFilter.doFilterInternal(RequestContextFilter.java:99)\n	at org.springframework.web.filter.OncePerRequestFilter.doFilter(OncePerRequestFilter.java:107)\n	at org.apache.catalina.core.ApplicationFilterChain.internalDoFilter(ApplicationFilterChain.java:193)\n	at org.apache.catalina.core.ApplicationFilterChain.doFilter(ApplicationFilterChain.java:166)\n	at org.springframework.web.filter.HttpPutFormContentFilter.doFilterInternal(HttpPutFormContentFilter.java:109)\n	at org.springframework.web.filter.OncePerRequestFilter.doFilter(OncePerRequestFilter.java:107)\n	at org.apache.catalina.core.ApplicationFilterChain.internalDoFilter(ApplicationFilterChain.java:193)\n	at org.apache.catalina.core.ApplicationFilterChain.doFilter(ApplicationFilterChain.java:166)\n	at org.springframework.web.filter.HiddenHttpMethodFilter.doFilterInternal(HiddenHttpMethodFilter.java:81)\n	at org.springframework.web.filter.OncePerRequestFilter.doFilter(OncePerRequestFilter.java:107)\n	at org.apache.catalina.core.ApplicationFilterChain.internalDoFilter(ApplicationFilterChain.java:193)\n	at org.apache.catalina.core.ApplicationFilterChain.doFilter(ApplicationFilterChain.java:166)\n	at org.springframework.web.filter.CharacterEncodingFilter.doFilterInternal(CharacterEncodingFilter.java:200)\n	at org.springframework.web.filter.OncePerRequestFilter.doFilter(OncePerRequestFilter.java:107)\n	at org.apache.catalina.core.ApplicationFilterChain.internalDoFilter(ApplicationFilterChain.java:193)\n	at org.apache.catalina.core.ApplicationFilterChain.doFilter(ApplicationFilterChain.java:166)\n	at org.apache.catalina.core.StandardWrapperValve.invoke(StandardWrapperValve.java:198)\n	at org.apache.catalina.core.StandardContextValve.invoke(StandardContextValve.java:96)\n	at org.apache.catalina.authenticator.AuthenticatorBase.invoke(AuthenticatorBase.java:496)\n	at org.apache.catalina.core.StandardHostValve.invoke(StandardHostValve.java:140)\n	at org.apache.catalina.valves.ErrorReportValve.invoke(ErrorReportValve.java:81)\n	at org.apache.catalina.core.StandardEngineValve.invoke(StandardEngineValve.java:87)\n	at org.apache.catalina.connector.CoyoteAdapter.service(CoyoteAdapter.java:342)\n	at org.apache.coyote.http11.Http11Processor.service(Http11Processor.java:803)\n	at org.apache.coyote.AbstractProcessorLight.process(AbstractProcessorLight.java:66)\n	at org.apache.coyote.AbstractProtocolTConnectionHandler.process(AbstractProtocol.java:790)\n	at org.apache.tomcat.util.net.NioEndpointTSocketProcessor.doRun(NioEndpoint.java:1459)\n	at org.apache.tomcat.util.net.SocketProcessorBase.run(SocketProcessorBase.java:49)\n	at java.base/java.util.concurrent.ThreadPoolExecutor.runWorker(ThreadPoolExecutor.java:1128)\n	at java.base/java.util.concurrent.ThreadPoolExecutorTWorker.run(ThreadPoolExecutor.java:628)\n	at org.apache.tomcat.util.threads.TaskThreadTWrappingRunnable.run(TaskThread.java:61)\n	at java.base/java.lang.Thread.run(Thread.java:829)\n'),(619,'业务日志','添加管理员',1,'com.jsnjfz.manage.modular.system.controller.UserMgrController','add','2025-07-04 02:59:15','成功','账号=matt'),(620,'业务日志','添加角色',1,'com.jsnjfz.manage.modular.system.controller.RoleController','add','2025-07-04 03:01:04','成功','角色名称=matt'),(621,'业务日志','配置权限',1,'com.jsnjfz.manage.modular.system.controller.RoleController','setAuthority','2025-07-04 03:01:12','成功','角色名称=matt,资源名称=系统管理,用户管理,添加用户,修改用户,删除用户,重置密码,冻结用户,解除冻结用户,分配角色,分配角色跳转,编辑用户跳转,用户列表,角色管理,添加角色,修改角色,删除角色,配置权限,修改角色跳转,角色分配跳转,角色列表,菜单管理,添加菜单,修改菜单,删除菜单,菜单编辑跳转,菜单列表,业务日志,清空日志,日志列表,日志详情,监控管理,部门管理,添加部门,修改部门,删除部门,修改部门跳转,部门列表,部门详情,字典管理,添加字典,修改字典,删除字典,修改菜单跳转,字典列表,字典详情,登录日志,清空登录日志,登录日志列表,通知管理,添加通知,修改通知,删除通知,通知,代码生成,接口文档,分类管理,网站管理'),(622,'异常日志','',1,NULL,NULL,'2025-07-04 03:04:48','失败','java.lang.NullPointerException\n	at cn.stylefeng.roses.core.util.ToolUtil.getWebRootPath(ToolUtil.java:281)\n	at cn.stylefeng.guns.generator.modular.factory.DefaultTemplateFactory.getDefaultParams(DefaultTemplateFactory.java:43)\n	at cn.stylefeng.guns.generator.modular.controller.CodeController.blackboard(CodeController.java:40)\n	at java.base/jdk.internal.reflect.NativeMethodAccessorImpl.invoke0(Native Method)\n	at java.base/jdk.internal.reflect.NativeMethodAccessorImpl.invoke(NativeMethodAccessorImpl.java:62)\n	at java.base/jdk.internal.reflect.DelegatingMethodAccessorImpl.invoke(DelegatingMethodAccessorImpl.java:43)\n	at java.base/java.lang.reflect.Method.invoke(Method.java:566)\n	at org.springframework.web.method.support.InvocableHandlerMethod.doInvoke(InvocableHandlerMethod.java:209)\n	at org.springframework.web.method.support.InvocableHandlerMethod.invokeForRequest(InvocableHandlerMethod.java:136)\n	at org.springframework.web.servlet.mvc.method.annotation.ServletInvocableHandlerMethod.invokeAndHandle(ServletInvocableHandlerMethod.java:102)\n	at org.springframework.web.servlet.mvc.method.annotation.RequestMappingHandlerAdapter.invokeHandlerMethod(RequestMappingHandlerAdapter.java:877)\n	at org.springframework.web.servlet.mvc.method.annotation.RequestMappingHandlerAdapter.handleInternal(RequestMappingHandlerAdapter.java:783)\n	at org.springframework.web.servlet.mvc.method.AbstractHandlerMethodAdapter.handle(AbstractHandlerMethodAdapter.java:87)\n	at org.springframework.web.servlet.DispatcherServlet.doDispatch(DispatcherServlet.java:991)\n	at org.springframework.web.servlet.DispatcherServlet.doService(DispatcherServlet.java:925)\n	at org.springframework.web.servlet.FrameworkServlet.processRequest(FrameworkServlet.java:974)\n	at org.springframework.web.servlet.FrameworkServlet.doGet(FrameworkServlet.java:866)\n	at javax.servlet.http.HttpServlet.service(HttpServlet.java:635)\n	at org.springframework.web.servlet.FrameworkServlet.service(FrameworkServlet.java:851)\n	at javax.servlet.http.HttpServlet.service(HttpServlet.java:742)\n	at org.apache.catalina.core.ApplicationFilterChain.internalDoFilter(ApplicationFilterChain.java:231)\n	at org.apache.catalina.core.ApplicationFilterChain.doFilter(ApplicationFilterChain.java:166)\n	at org.apache.tomcat.websocket.server.WsFilter.doFilter(WsFilter.java:52)\n	at org.apache.catalina.core.ApplicationFilterChain.internalDoFilter(ApplicationFilterChain.java:193)\n	at org.apache.catalina.core.ApplicationFilterChain.doFilter(ApplicationFilterChain.java:166)\n	at org.apache.shiro.web.servlet.ProxiedFilterChain.doFilter(ProxiedFilterChain.java:61)\n	at org.apache.shiro.web.servlet.AdviceFilter.executeChain(AdviceFilter.java:108)\n	at org.apache.shiro.web.servlet.AdviceFilter.doFilterInternal(AdviceFilter.java:137)\n	at org.apache.shiro.web.servlet.OncePerRequestFilter.doFilter(OncePerRequestFilter.java:154)\n	at org.apache.shiro.web.servlet.ProxiedFilterChain.doFilter(ProxiedFilterChain.java:66)\n	at org.apache.shiro.web.servlet.AdviceFilter.executeChain(AdviceFilter.java:108)\n	at org.apache.shiro.web.servlet.AdviceFilter.doFilterInternal(AdviceFilter.java:137)\n	at org.apache.shiro.web.servlet.OncePerRequestFilter.doFilter(OncePerRequestFilter.java:154)\n	at org.apache.shiro.web.servlet.ProxiedFilterChain.doFilter(ProxiedFilterChain.java:66)\n	at org.apache.shiro.web.servlet.AbstractShiroFilter.executeChain(AbstractShiroFilter.java:458)\n	at org.apache.shiro.web.servlet.AbstractShiroFilterT1.call(AbstractShiroFilter.java:373)\n	at org.apache.shiro.subject.support.SubjectCallable.doCall(SubjectCallable.java:90)\n	at org.apache.shiro.subject.support.SubjectCallable.call(SubjectCallable.java:83)\n	at org.apache.shiro.subject.support.DelegatingSubject.execute(DelegatingSubject.java:387)\n	at org.apache.shiro.web.servlet.AbstractShiroFilter.doFilterInternal(AbstractShiroFilter.java:370)\n	at org.apache.shiro.web.servlet.OncePerRequestFilter.doFilter(OncePerRequestFilter.java:154)\n	at org.apache.catalina.core.ApplicationFilterChain.internalDoFilter(ApplicationFilterChain.java:193)\n	at org.apache.catalina.core.ApplicationFilterChain.doFilter(ApplicationFilterChain.java:166)\n	at cn.stylefeng.roses.core.xss.XssFilter.doFilter(XssFilter.java:31)\n	at org.apache.catalina.core.ApplicationFilterChain.internalDoFilter(ApplicationFilterChain.java:193)\n	at org.apache.catalina.core.ApplicationFilterChain.doFilter(ApplicationFilterChain.java:166)\n	at com.alibaba.druid.support.http.WebStatFilter.doFilter(WebStatFilter.java:123)\n	at org.apache.catalina.core.ApplicationFilterChain.internalDoFilter(ApplicationFilterChain.java:193)\n	at org.apache.catalina.core.ApplicationFilterChain.doFilter(ApplicationFilterChain.java:166)\n	at org.springframework.web.filter.RequestContextFilter.doFilterInternal(RequestContextFilter.java:99)\n	at org.springframework.web.filter.OncePerRequestFilter.doFilter(OncePerRequestFilter.java:107)\n	at org.apache.catalina.core.ApplicationFilterChain.internalDoFilter(ApplicationFilterChain.java:193)\n	at org.apache.catalina.core.ApplicationFilterChain.doFilter(ApplicationFilterChain.java:166)\n	at org.springframework.web.filter.HttpPutFormContentFilter.doFilterInternal(HttpPutFormContentFilter.java:109)\n	at org.springframework.web.filter.OncePerRequestFilter.doFilter(OncePerRequestFilter.java:107)\n	at org.apache.catalina.core.ApplicationFilterChain.internalDoFilter(ApplicationFilterChain.java:193)\n	at org.apache.catalina.core.ApplicationFilterChain.doFilter(ApplicationFilterChain.java:166)\n	at org.springframework.web.filter.HiddenHttpMethodFilter.doFilterInternal(HiddenHttpMethodFilter.java:81)\n	at org.springframework.web.filter.OncePerRequestFilter.doFilter(OncePerRequestFilter.java:107)\n	at org.apache.catalina.core.ApplicationFilterChain.internalDoFilter(ApplicationFilterChain.java:193)\n	at org.apache.catalina.core.ApplicationFilterChain.doFilter(ApplicationFilterChain.java:166)\n	at org.springframework.web.filter.CharacterEncodingFilter.doFilterInternal(CharacterEncodingFilter.java:200)\n	at org.springframework.web.filter.OncePerRequestFilter.doFilter(OncePerRequestFilter.java:107)\n	at org.apache.catalina.core.ApplicationFilterChain.internalDoFilter(ApplicationFilterChain.java:193)\n	at org.apache.catalina.core.ApplicationFilterChain.doFilter(ApplicationFilterChain.java:166)\n	at org.apache.catalina.core.StandardWrapperValve.invoke(StandardWrapperValve.java:198)\n	at org.apache.catalina.core.StandardContextValve.invoke(StandardContextValve.java:96)\n	at org.apache.catalina.authenticator.AuthenticatorBase.invoke(AuthenticatorBase.java:496)\n	at org.apache.catalina.core.StandardHostValve.invoke(StandardHostValve.java:140)\n	at org.apache.catalina.valves.ErrorReportValve.invoke(ErrorReportValve.java:81)\n	at org.apache.catalina.core.StandardEngineValve.invoke(StandardEngineValve.java:87)\n	at org.apache.catalina.connector.CoyoteAdapter.service(CoyoteAdapter.java:342)\n	at org.apache.coyote.http11.Http11Processor.service(Http11Processor.java:803)\n	at org.apache.coyote.AbstractProcessorLight.process(AbstractProcessorLight.java:66)\n	at org.apache.coyote.AbstractProtocolTConnectionHandler.process(AbstractProtocol.java:790)\n	at org.apache.tomcat.util.net.NioEndpointTSocketProcessor.doRun(NioEndpoint.java:1459)\n	at org.apache.tomcat.util.net.SocketProcessorBase.run(SocketProcessorBase.java:49)\n	at java.base/java.util.concurrent.ThreadPoolExecutor.runWorker(ThreadPoolExecutor.java:1128)\n	at java.base/java.util.concurrent.ThreadPoolExecutorTWorker.run(ThreadPoolExecutor.java:628)\n	at org.apache.tomcat.util.threads.TaskThreadTWrappingRunnable.run(TaskThread.java:61)\n	at java.base/java.lang.Thread.run(Thread.java:829)\n'),(623,'异常日志','',1,NULL,NULL,'2025-07-04 03:05:18','失败','java.lang.NullPointerException\n	at cn.stylefeng.roses.core.util.ToolUtil.getWebRootPath(ToolUtil.java:281)\n	at cn.stylefeng.guns.generator.modular.factory.DefaultTemplateFactory.getDefaultParams(DefaultTemplateFactory.java:43)\n	at cn.stylefeng.guns.generator.modular.controller.CodeController.blackboard(CodeController.java:40)\n	at java.base/jdk.internal.reflect.NativeMethodAccessorImpl.invoke0(Native Method)\n	at java.base/jdk.internal.reflect.NativeMethodAccessorImpl.invoke(NativeMethodAccessorImpl.java:62)\n	at java.base/jdk.internal.reflect.DelegatingMethodAccessorImpl.invoke(DelegatingMethodAccessorImpl.java:43)\n	at java.base/java.lang.reflect.Method.invoke(Method.java:566)\n	at org.springframework.web.method.support.InvocableHandlerMethod.doInvoke(InvocableHandlerMethod.java:209)\n	at org.springframework.web.method.support.InvocableHandlerMethod.invokeForRequest(InvocableHandlerMethod.java:136)\n	at org.springframework.web.servlet.mvc.method.annotation.ServletInvocableHandlerMethod.invokeAndHandle(ServletInvocableHandlerMethod.java:102)\n	at org.springframework.web.servlet.mvc.method.annotation.RequestMappingHandlerAdapter.invokeHandlerMethod(RequestMappingHandlerAdapter.java:877)\n	at org.springframework.web.servlet.mvc.method.annotation.RequestMappingHandlerAdapter.handleInternal(RequestMappingHandlerAdapter.java:783)\n	at org.springframework.web.servlet.mvc.method.AbstractHandlerMethodAdapter.handle(AbstractHandlerMethodAdapter.java:87)\n	at org.springframework.web.servlet.DispatcherServlet.doDispatch(DispatcherServlet.java:991)\n	at org.springframework.web.servlet.DispatcherServlet.doService(DispatcherServlet.java:925)\n	at org.springframework.web.servlet.FrameworkServlet.processRequest(FrameworkServlet.java:974)\n	at org.springframework.web.servlet.FrameworkServlet.doGet(FrameworkServlet.java:866)\n	at javax.servlet.http.HttpServlet.service(HttpServlet.java:635)\n	at org.springframework.web.servlet.FrameworkServlet.service(FrameworkServlet.java:851)\n	at javax.servlet.http.HttpServlet.service(HttpServlet.java:742)\n	at org.apache.catalina.core.ApplicationFilterChain.internalDoFilter(ApplicationFilterChain.java:231)\n	at org.apache.catalina.core.ApplicationFilterChain.doFilter(ApplicationFilterChain.java:166)\n	at org.apache.tomcat.websocket.server.WsFilter.doFilter(WsFilter.java:52)\n	at org.apache.catalina.core.ApplicationFilterChain.internalDoFilter(ApplicationFilterChain.java:193)\n	at org.apache.catalina.core.ApplicationFilterChain.doFilter(ApplicationFilterChain.java:166)\n	at org.apache.shiro.web.servlet.ProxiedFilterChain.doFilter(ProxiedFilterChain.java:61)\n	at org.apache.shiro.web.servlet.AdviceFilter.executeChain(AdviceFilter.java:108)\n	at org.apache.shiro.web.servlet.AdviceFilter.doFilterInternal(AdviceFilter.java:137)\n	at org.apache.shiro.web.servlet.OncePerRequestFilter.doFilter(OncePerRequestFilter.java:154)\n	at org.apache.shiro.web.servlet.ProxiedFilterChain.doFilter(ProxiedFilterChain.java:66)\n	at org.apache.shiro.web.servlet.AdviceFilter.executeChain(AdviceFilter.java:108)\n	at org.apache.shiro.web.servlet.AdviceFilter.doFilterInternal(AdviceFilter.java:137)\n	at org.apache.shiro.web.servlet.OncePerRequestFilter.doFilter(OncePerRequestFilter.java:154)\n	at org.apache.shiro.web.servlet.ProxiedFilterChain.doFilter(ProxiedFilterChain.java:66)\n	at org.apache.shiro.web.servlet.AbstractShiroFilter.executeChain(AbstractShiroFilter.java:458)\n	at org.apache.shiro.web.servlet.AbstractShiroFilterT1.call(AbstractShiroFilter.java:373)\n	at org.apache.shiro.subject.support.SubjectCallable.doCall(SubjectCallable.java:90)\n	at org.apache.shiro.subject.support.SubjectCallable.call(SubjectCallable.java:83)\n	at org.apache.shiro.subject.support.DelegatingSubject.execute(DelegatingSubject.java:387)\n	at org.apache.shiro.web.servlet.AbstractShiroFilter.doFilterInternal(AbstractShiroFilter.java:370)\n	at org.apache.shiro.web.servlet.OncePerRequestFilter.doFilter(OncePerRequestFilter.java:154)\n	at org.apache.catalina.core.ApplicationFilterChain.internalDoFilter(ApplicationFilterChain.java:193)\n	at org.apache.catalina.core.ApplicationFilterChain.doFilter(ApplicationFilterChain.java:166)\n	at cn.stylefeng.roses.core.xss.XssFilter.doFilter(XssFilter.java:31)\n	at org.apache.catalina.core.ApplicationFilterChain.internalDoFilter(ApplicationFilterChain.java:193)\n	at org.apache.catalina.core.ApplicationFilterChain.doFilter(ApplicationFilterChain.java:166)\n	at com.alibaba.druid.support.http.WebStatFilter.doFilter(WebStatFilter.java:123)\n	at org.apache.catalina.core.ApplicationFilterChain.internalDoFilter(ApplicationFilterChain.java:193)\n	at org.apache.catalina.core.ApplicationFilterChain.doFilter(ApplicationFilterChain.java:166)\n	at org.springframework.web.filter.RequestContextFilter.doFilterInternal(RequestContextFilter.java:99)\n	at org.springframework.web.filter.OncePerRequestFilter.doFilter(OncePerRequestFilter.java:107)\n	at org.apache.catalina.core.ApplicationFilterChain.internalDoFilter(ApplicationFilterChain.java:193)\n	at org.apache.catalina.core.ApplicationFilterChain.doFilter(ApplicationFilterChain.java:166)\n	at org.springframework.web.filter.HttpPutFormContentFilter.doFilterInternal(HttpPutFormContentFilter.java:109)\n	at org.springframework.web.filter.OncePerRequestFilter.doFilter(OncePerRequestFilter.java:107)\n	at org.apache.catalina.core.ApplicationFilterChain.internalDoFilter(ApplicationFilterChain.java:193)\n	at org.apache.catalina.core.ApplicationFilterChain.doFilter(ApplicationFilterChain.java:166)\n	at org.springframework.web.filter.HiddenHttpMethodFilter.doFilterInternal(HiddenHttpMethodFilter.java:81)\n	at org.springframework.web.filter.OncePerRequestFilter.doFilter(OncePerRequestFilter.java:107)\n	at org.apache.catalina.core.ApplicationFilterChain.internalDoFilter(ApplicationFilterChain.java:193)\n	at org.apache.catalina.core.ApplicationFilterChain.doFilter(ApplicationFilterChain.java:166)\n	at org.springframework.web.filter.CharacterEncodingFilter.doFilterInternal(CharacterEncodingFilter.java:200)\n	at org.springframework.web.filter.OncePerRequestFilter.doFilter(OncePerRequestFilter.java:107)\n	at org.apache.catalina.core.ApplicationFilterChain.internalDoFilter(ApplicationFilterChain.java:193)\n	at org.apache.catalina.core.ApplicationFilterChain.doFilter(ApplicationFilterChain.java:166)\n	at org.apache.catalina.core.StandardWrapperValve.invoke(StandardWrapperValve.java:198)\n	at org.apache.catalina.core.StandardContextValve.invoke(StandardContextValve.java:96)\n	at org.apache.catalina.authenticator.AuthenticatorBase.invoke(AuthenticatorBase.java:496)\n	at org.apache.catalina.core.StandardHostValve.invoke(StandardHostValve.java:140)\n	at org.apache.catalina.valves.ErrorReportValve.invoke(ErrorReportValve.java:81)\n	at org.apache.catalina.core.StandardEngineValve.invoke(StandardEngineValve.java:87)\n	at org.apache.catalina.connector.CoyoteAdapter.service(CoyoteAdapter.java:342)\n	at org.apache.coyote.http11.Http11Processor.service(Http11Processor.java:803)\n	at org.apache.coyote.AbstractProcessorLight.process(AbstractProcessorLight.java:66)\n	at org.apache.coyote.AbstractProtocolTConnectionHandler.process(AbstractProtocol.java:790)\n	at org.apache.tomcat.util.net.NioEndpointTSocketProcessor.doRun(NioEndpoint.java:1459)\n	at org.apache.tomcat.util.net.SocketProcessorBase.run(SocketProcessorBase.java:49)\n	at java.base/java.util.concurrent.ThreadPoolExecutor.runWorker(ThreadPoolExecutor.java:1128)\n	at java.base/java.util.concurrent.ThreadPoolExecutorTWorker.run(ThreadPoolExecutor.java:628)\n	at org.apache.tomcat.util.threads.TaskThreadTWrappingRunnable.run(TaskThread.java:61)\n	at java.base/java.lang.Thread.run(Thread.java:829)\n'),(624,'异常日志','',1,NULL,NULL,'2025-07-04 03:07:21','失败','java.lang.NullPointerException\n	at cn.stylefeng.roses.core.util.ToolUtil.getWebRootPath(ToolUtil.java:281)\n	at cn.stylefeng.guns.generator.modular.factory.DefaultTemplateFactory.getDefaultParams(DefaultTemplateFactory.java:43)\n	at cn.stylefeng.guns.generator.modular.controller.CodeController.blackboard(CodeController.java:40)\n	at java.base/jdk.internal.reflect.NativeMethodAccessorImpl.invoke0(Native Method)\n	at java.base/jdk.internal.reflect.NativeMethodAccessorImpl.invoke(NativeMethodAccessorImpl.java:62)\n	at java.base/jdk.internal.reflect.DelegatingMethodAccessorImpl.invoke(DelegatingMethodAccessorImpl.java:43)\n	at java.base/java.lang.reflect.Method.invoke(Method.java:566)\n	at org.springframework.web.method.support.InvocableHandlerMethod.doInvoke(InvocableHandlerMethod.java:209)\n	at org.springframework.web.method.support.InvocableHandlerMethod.invokeForRequest(InvocableHandlerMethod.java:136)\n	at org.springframework.web.servlet.mvc.method.annotation.ServletInvocableHandlerMethod.invokeAndHandle(ServletInvocableHandlerMethod.java:102)\n	at org.springframework.web.servlet.mvc.method.annotation.RequestMappingHandlerAdapter.invokeHandlerMethod(RequestMappingHandlerAdapter.java:877)\n	at org.springframework.web.servlet.mvc.method.annotation.RequestMappingHandlerAdapter.handleInternal(RequestMappingHandlerAdapter.java:783)\n	at org.springframework.web.servlet.mvc.method.AbstractHandlerMethodAdapter.handle(AbstractHandlerMethodAdapter.java:87)\n	at org.springframework.web.servlet.DispatcherServlet.doDispatch(DispatcherServlet.java:991)\n	at org.springframework.web.servlet.DispatcherServlet.doService(DispatcherServlet.java:925)\n	at org.springframework.web.servlet.FrameworkServlet.processRequest(FrameworkServlet.java:974)\n	at org.springframework.web.servlet.FrameworkServlet.doGet(FrameworkServlet.java:866)\n	at javax.servlet.http.HttpServlet.service(HttpServlet.java:635)\n	at org.springframework.web.servlet.FrameworkServlet.service(FrameworkServlet.java:851)\n	at javax.servlet.http.HttpServlet.service(HttpServlet.java:742)\n	at org.apache.catalina.core.ApplicationFilterChain.internalDoFilter(ApplicationFilterChain.java:231)\n	at org.apache.catalina.core.ApplicationFilterChain.doFilter(ApplicationFilterChain.java:166)\n	at org.apache.tomcat.websocket.server.WsFilter.doFilter(WsFilter.java:52)\n	at org.apache.catalina.core.ApplicationFilterChain.internalDoFilter(ApplicationFilterChain.java:193)\n	at org.apache.catalina.core.ApplicationFilterChain.doFilter(ApplicationFilterChain.java:166)\n	at org.apache.shiro.web.servlet.ProxiedFilterChain.doFilter(ProxiedFilterChain.java:61)\n	at org.apache.shiro.web.servlet.AdviceFilter.executeChain(AdviceFilter.java:108)\n	at org.apache.shiro.web.servlet.AdviceFilter.doFilterInternal(AdviceFilter.java:137)\n	at org.apache.shiro.web.servlet.OncePerRequestFilter.doFilter(OncePerRequestFilter.java:154)\n	at org.apache.shiro.web.servlet.ProxiedFilterChain.doFilter(ProxiedFilterChain.java:66)\n	at org.apache.shiro.web.servlet.AdviceFilter.executeChain(AdviceFilter.java:108)\n	at org.apache.shiro.web.servlet.AdviceFilter.doFilterInternal(AdviceFilter.java:137)\n	at org.apache.shiro.web.servlet.OncePerRequestFilter.doFilter(OncePerRequestFilter.java:154)\n	at org.apache.shiro.web.servlet.ProxiedFilterChain.doFilter(ProxiedFilterChain.java:66)\n	at org.apache.shiro.web.servlet.AbstractShiroFilter.executeChain(AbstractShiroFilter.java:458)\n	at org.apache.shiro.web.servlet.AbstractShiroFilterT1.call(AbstractShiroFilter.java:373)\n	at org.apache.shiro.subject.support.SubjectCallable.doCall(SubjectCallable.java:90)\n	at org.apache.shiro.subject.support.SubjectCallable.call(SubjectCallable.java:83)\n	at org.apache.shiro.subject.support.DelegatingSubject.execute(DelegatingSubject.java:387)\n	at org.apache.shiro.web.servlet.AbstractShiroFilter.doFilterInternal(AbstractShiroFilter.java:370)\n	at org.apache.shiro.web.servlet.OncePerRequestFilter.doFilter(OncePerRequestFilter.java:154)\n	at org.apache.catalina.core.ApplicationFilterChain.internalDoFilter(ApplicationFilterChain.java:193)\n	at org.apache.catalina.core.ApplicationFilterChain.doFilter(ApplicationFilterChain.java:166)\n	at cn.stylefeng.roses.core.xss.XssFilter.doFilter(XssFilter.java:31)\n	at org.apache.catalina.core.ApplicationFilterChain.internalDoFilter(ApplicationFilterChain.java:193)\n	at org.apache.catalina.core.ApplicationFilterChain.doFilter(ApplicationFilterChain.java:166)\n	at com.alibaba.druid.support.http.WebStatFilter.doFilter(WebStatFilter.java:123)\n	at org.apache.catalina.core.ApplicationFilterChain.internalDoFilter(ApplicationFilterChain.java:193)\n	at org.apache.catalina.core.ApplicationFilterChain.doFilter(ApplicationFilterChain.java:166)\n	at org.springframework.web.filter.RequestContextFilter.doFilterInternal(RequestContextFilter.java:99)\n	at org.springframework.web.filter.OncePerRequestFilter.doFilter(OncePerRequestFilter.java:107)\n	at org.apache.catalina.core.ApplicationFilterChain.internalDoFilter(ApplicationFilterChain.java:193)\n	at org.apache.catalina.core.ApplicationFilterChain.doFilter(ApplicationFilterChain.java:166)\n	at org.springframework.web.filter.HttpPutFormContentFilter.doFilterInternal(HttpPutFormContentFilter.java:109)\n	at org.springframework.web.filter.OncePerRequestFilter.doFilter(OncePerRequestFilter.java:107)\n	at org.apache.catalina.core.ApplicationFilterChain.internalDoFilter(ApplicationFilterChain.java:193)\n	at org.apache.catalina.core.ApplicationFilterChain.doFilter(ApplicationFilterChain.java:166)\n	at org.springframework.web.filter.HiddenHttpMethodFilter.doFilterInternal(HiddenHttpMethodFilter.java:81)\n	at org.springframework.web.filter.OncePerRequestFilter.doFilter(OncePerRequestFilter.java:107)\n	at org.apache.catalina.core.ApplicationFilterChain.internalDoFilter(ApplicationFilterChain.java:193)\n	at org.apache.catalina.core.ApplicationFilterChain.doFilter(ApplicationFilterChain.java:166)\n	at org.springframework.web.filter.CharacterEncodingFilter.doFilterInternal(CharacterEncodingFilter.java:200)\n	at org.springframework.web.filter.OncePerRequestFilter.doFilter(OncePerRequestFilter.java:107)\n	at org.apache.catalina.core.ApplicationFilterChain.internalDoFilter(ApplicationFilterChain.java:193)\n	at org.apache.catalina.core.ApplicationFilterChain.doFilter(ApplicationFilterChain.java:166)\n	at org.apache.catalina.core.StandardWrapperValve.invoke(StandardWrapperValve.java:198)\n	at org.apache.catalina.core.StandardContextValve.invoke(StandardContextValve.java:96)\n	at org.apache.catalina.authenticator.AuthenticatorBase.invoke(AuthenticatorBase.java:496)\n	at org.apache.catalina.core.StandardHostValve.invoke(StandardHostValve.java:140)\n	at org.apache.catalina.valves.ErrorReportValve.invoke(ErrorReportValve.java:81)\n	at org.apache.catalina.core.StandardEngineValve.invoke(StandardEngineValve.java:87)\n	at org.apache.catalina.connector.CoyoteAdapter.service(CoyoteAdapter.java:342)\n	at org.apache.coyote.http11.Http11Processor.service(Http11Processor.java:803)\n	at org.apache.coyote.AbstractProcessorLight.process(AbstractProcessorLight.java:66)\n	at org.apache.coyote.AbstractProtocolTConnectionHandler.process(AbstractProtocol.java:790)\n	at org.apache.tomcat.util.net.NioEndpointTSocketProcessor.doRun(NioEndpoint.java:1459)\n	at org.apache.tomcat.util.net.SocketProcessorBase.run(SocketProcessorBase.java:49)\n	at java.base/java.util.concurrent.ThreadPoolExecutor.runWorker(ThreadPoolExecutor.java:1128)\n	at java.base/java.util.concurrent.ThreadPoolExecutorTWorker.run(ThreadPoolExecutor.java:628)\n	at org.apache.tomcat.util.threads.TaskThreadTWrappingRunnable.run(TaskThread.java:61)\n	at java.base/java.lang.Thread.run(Thread.java:829)\n'),(625,'异常日志','',1,NULL,NULL,'2025-07-04 04:51:27','失败','java.lang.NullPointerException\n	at cn.stylefeng.roses.core.util.ToolUtil.getWebRootPath(ToolUtil.java:281)\n	at cn.stylefeng.guns.generator.modular.factory.DefaultTemplateFactory.getDefaultParams(DefaultTemplateFactory.java:43)\n	at cn.stylefeng.guns.generator.modular.controller.CodeController.blackboard(CodeController.java:40)\n	at java.base/jdk.internal.reflect.NativeMethodAccessorImpl.invoke0(Native Method)\n	at java.base/jdk.internal.reflect.NativeMethodAccessorImpl.invoke(NativeMethodAccessorImpl.java:62)\n	at java.base/jdk.internal.reflect.DelegatingMethodAccessorImpl.invoke(DelegatingMethodAccessorImpl.java:43)\n	at java.base/java.lang.reflect.Method.invoke(Method.java:566)\n	at org.springframework.web.method.support.InvocableHandlerMethod.doInvoke(InvocableHandlerMethod.java:209)\n	at org.springframework.web.method.support.InvocableHandlerMethod.invokeForRequest(InvocableHandlerMethod.java:136)\n	at org.springframework.web.servlet.mvc.method.annotation.ServletInvocableHandlerMethod.invokeAndHandle(ServletInvocableHandlerMethod.java:102)\n	at org.springframework.web.servlet.mvc.method.annotation.RequestMappingHandlerAdapter.invokeHandlerMethod(RequestMappingHandlerAdapter.java:877)\n	at org.springframework.web.servlet.mvc.method.annotation.RequestMappingHandlerAdapter.handleInternal(RequestMappingHandlerAdapter.java:783)\n	at org.springframework.web.servlet.mvc.method.AbstractHandlerMethodAdapter.handle(AbstractHandlerMethodAdapter.java:87)\n	at org.springframework.web.servlet.DispatcherServlet.doDispatch(DispatcherServlet.java:991)\n	at org.springframework.web.servlet.DispatcherServlet.doService(DispatcherServlet.java:925)\n	at org.springframework.web.servlet.FrameworkServlet.processRequest(FrameworkServlet.java:974)\n	at org.springframework.web.servlet.FrameworkServlet.doGet(FrameworkServlet.java:866)\n	at javax.servlet.http.HttpServlet.service(HttpServlet.java:635)\n	at org.springframework.web.servlet.FrameworkServlet.service(FrameworkServlet.java:851)\n	at javax.servlet.http.HttpServlet.service(HttpServlet.java:742)\n	at org.apache.catalina.core.ApplicationFilterChain.internalDoFilter(ApplicationFilterChain.java:231)\n	at org.apache.catalina.core.ApplicationFilterChain.doFilter(ApplicationFilterChain.java:166)\n	at org.apache.tomcat.websocket.server.WsFilter.doFilter(WsFilter.java:52)\n	at org.apache.catalina.core.ApplicationFilterChain.internalDoFilter(ApplicationFilterChain.java:193)\n	at org.apache.catalina.core.ApplicationFilterChain.doFilter(ApplicationFilterChain.java:166)\n	at org.apache.shiro.web.servlet.ProxiedFilterChain.doFilter(ProxiedFilterChain.java:61)\n	at org.apache.shiro.web.servlet.AdviceFilter.executeChain(AdviceFilter.java:108)\n	at org.apache.shiro.web.servlet.AdviceFilter.doFilterInternal(AdviceFilter.java:137)\n	at org.apache.shiro.web.servlet.OncePerRequestFilter.doFilter(OncePerRequestFilter.java:154)\n	at org.apache.shiro.web.servlet.ProxiedFilterChain.doFilter(ProxiedFilterChain.java:66)\n	at org.apache.shiro.web.servlet.AdviceFilter.executeChain(AdviceFilter.java:108)\n	at org.apache.shiro.web.servlet.AdviceFilter.doFilterInternal(AdviceFilter.java:137)\n	at org.apache.shiro.web.servlet.OncePerRequestFilter.doFilter(OncePerRequestFilter.java:154)\n	at org.apache.shiro.web.servlet.ProxiedFilterChain.doFilter(ProxiedFilterChain.java:66)\n	at org.apache.shiro.web.servlet.AbstractShiroFilter.executeChain(AbstractShiroFilter.java:458)\n	at org.apache.shiro.web.servlet.AbstractShiroFilterT1.call(AbstractShiroFilter.java:373)\n	at org.apache.shiro.subject.support.SubjectCallable.doCall(SubjectCallable.java:90)\n	at org.apache.shiro.subject.support.SubjectCallable.call(SubjectCallable.java:83)\n	at org.apache.shiro.subject.support.DelegatingSubject.execute(DelegatingSubject.java:387)\n	at org.apache.shiro.web.servlet.AbstractShiroFilter.doFilterInternal(AbstractShiroFilter.java:370)\n	at org.apache.shiro.web.servlet.OncePerRequestFilter.doFilter(OncePerRequestFilter.java:154)\n	at org.apache.catalina.core.ApplicationFilterChain.internalDoFilter(ApplicationFilterChain.java:193)\n	at org.apache.catalina.core.ApplicationFilterChain.doFilter(ApplicationFilterChain.java:166)\n	at cn.stylefeng.roses.core.xss.XssFilter.doFilter(XssFilter.java:31)\n	at org.apache.catalina.core.ApplicationFilterChain.internalDoFilter(ApplicationFilterChain.java:193)\n	at org.apache.catalina.core.ApplicationFilterChain.doFilter(ApplicationFilterChain.java:166)\n	at com.alibaba.druid.support.http.WebStatFilter.doFilter(WebStatFilter.java:123)\n	at org.apache.catalina.core.ApplicationFilterChain.internalDoFilter(ApplicationFilterChain.java:193)\n	at org.apache.catalina.core.ApplicationFilterChain.doFilter(ApplicationFilterChain.java:166)\n	at org.springframework.web.filter.RequestContextFilter.doFilterInternal(RequestContextFilter.java:99)\n	at org.springframework.web.filter.OncePerRequestFilter.doFilter(OncePerRequestFilter.java:107)\n	at org.apache.catalina.core.ApplicationFilterChain.internalDoFilter(ApplicationFilterChain.java:193)\n	at org.apache.catalina.core.ApplicationFilterChain.doFilter(ApplicationFilterChain.java:166)\n	at org.springframework.web.filter.HttpPutFormContentFilter.doFilterInternal(HttpPutFormContentFilter.java:109)\n	at org.springframework.web.filter.OncePerRequestFilter.doFilter(OncePerRequestFilter.java:107)\n	at org.apache.catalina.core.ApplicationFilterChain.internalDoFilter(ApplicationFilterChain.java:193)\n	at org.apache.catalina.core.ApplicationFilterChain.doFilter(ApplicationFilterChain.java:166)\n	at org.springframework.web.filter.HiddenHttpMethodFilter.doFilterInternal(HiddenHttpMethodFilter.java:81)\n	at org.springframework.web.filter.OncePerRequestFilter.doFilter(OncePerRequestFilter.java:107)\n	at org.apache.catalina.core.ApplicationFilterChain.internalDoFilter(ApplicationFilterChain.java:193)\n	at org.apache.catalina.core.ApplicationFilterChain.doFilter(ApplicationFilterChain.java:166)\n	at org.springframework.web.filter.CharacterEncodingFilter.doFilterInternal(CharacterEncodingFilter.java:200)\n	at org.springframework.web.filter.OncePerRequestFilter.doFilter(OncePerRequestFilter.java:107)\n	at org.apache.catalina.core.ApplicationFilterChain.internalDoFilter(ApplicationFilterChain.java:193)\n	at org.apache.catalina.core.ApplicationFilterChain.doFilter(ApplicationFilterChain.java:166)\n	at org.apache.catalina.core.StandardWrapperValve.invoke(StandardWrapperValve.java:198)\n	at org.apache.catalina.core.StandardContextValve.invoke(StandardContextValve.java:96)\n	at org.apache.catalina.authenticator.AuthenticatorBase.invoke(AuthenticatorBase.java:496)\n	at org.apache.catalina.core.StandardHostValve.invoke(StandardHostValve.java:140)\n	at org.apache.catalina.valves.ErrorReportValve.invoke(ErrorReportValve.java:81)\n	at org.apache.catalina.core.StandardEngineValve.invoke(StandardEngineValve.java:87)\n	at org.apache.catalina.connector.CoyoteAdapter.service(CoyoteAdapter.java:342)\n	at org.apache.coyote.http11.Http11Processor.service(Http11Processor.java:803)\n	at org.apache.coyote.AbstractProcessorLight.process(AbstractProcessorLight.java:66)\n	at org.apache.coyote.AbstractProtocolTConnectionHandler.process(AbstractProtocol.java:790)\n	at org.apache.tomcat.util.net.NioEndpointTSocketProcessor.doRun(NioEndpoint.java:1459)\n	at org.apache.tomcat.util.net.SocketProcessorBase.run(SocketProcessorBase.java:49)\n	at java.base/java.util.concurrent.ThreadPoolExecutor.runWorker(ThreadPoolExecutor.java:1128)\n	at java.base/java.util.concurrent.ThreadPoolExecutorTWorker.run(ThreadPoolExecutor.java:628)\n	at org.apache.tomcat.util.threads.TaskThreadTWrappingRunnable.run(TaskThread.java:61)\n	at java.base/java.lang.Thread.run(Thread.java:829)\n');
/*!40000 ALTER TABLE `sys_operation_log` ENABLE KEYS */;
UNLOCK TABLES;

--
-- Table structure for table `sys_relation`
--

DROP TABLE IF EXISTS `sys_relation`;
/*!40101 SET @saved_cs_client     = @@character_set_client */;
/*!50503 SET character_set_client = utf8mb4 */;
CREATE TABLE `sys_relation` (
  `id` int NOT NULL AUTO_INCREMENT COMMENT '主键',
  `menuid` bigint DEFAULT NULL COMMENT '菜单id',
  `roleid` int DEFAULT NULL COMMENT '角色id',
  PRIMARY KEY (`id`) USING BTREE
) ENGINE=InnoDB AUTO_INCREMENT=3962 DEFAULT CHARSET=utf8mb3 ROW_FORMAT=DYNAMIC COMMENT='角色和菜单关联表';
/*!40101 SET character_set_client = @saved_cs_client */;

--
-- Dumping data for table `sys_relation`
--

LOCK TABLES `sys_relation` WRITE;
/*!40000 ALTER TABLE `sys_relation` DISABLE KEYS */;
INSERT INTO `sys_relation` VALUES (3377,105,5),(3378,106,5),(3379,107,5),(3380,108,5),(3381,109,5),(3382,110,5),(3383,111,5),(3384,112,5),(3385,113,5),(3386,114,5),(3387,115,5),(3388,116,5),(3389,117,5),(3390,118,5),(3391,119,5),(3392,120,5),(3393,121,5),(3394,122,5),(3395,150,5),(3396,151,5),(3848,105,1),(3849,106,1),(3850,107,1),(3851,108,1),(3852,109,1),(3853,110,1),(3854,111,1),(3855,112,1),(3856,113,1),(3857,165,1),(3858,166,1),(3859,167,1),(3860,114,1),(3861,115,1),(3862,116,1),(3863,117,1),(3864,118,1),(3865,162,1),(3866,163,1),(3867,164,1),(3868,119,1),(3869,120,1),(3870,121,1),(3871,122,1),(3872,150,1),(3873,151,1),(3874,128,1),(3875,134,1),(3876,158,1),(3877,159,1),(3878,130,1),(3879,131,1),(3880,135,1),(3881,136,1),(3882,137,1),(3883,152,1),(3884,153,1),(3885,154,1),(3886,132,1),(3887,138,1),(3888,139,1),(3889,140,1),(3890,155,1),(3891,156,1),(3892,157,1),(3893,133,1),(3894,160,1),(3895,161,1),(3896,141,1),(3897,142,1),(3898,143,1),(3899,144,1),(3900,145,1),(3901,148,1),(3902,149,1),(3903,171,1),(3904,173,1),(3905,105,6),(3906,106,6),(3907,107,6),(3908,108,6),(3909,109,6),(3910,110,6),(3911,111,6),(3912,112,6),(3913,113,6),(3914,165,6),(3915,166,6),(3916,167,6),(3917,114,6),(3918,115,6),(3919,116,6),(3920,117,6),(3921,118,6),(3922,162,6),(3923,163,6),(3924,164,6),(3925,119,6),(3926,120,6),(3927,121,6),(3928,122,6),(3929,150,6),(3930,151,6),(3931,128,6),(3932,134,6),(3933,158,6),(3934,159,6),(3935,130,6),(3936,131,6),(3937,135,6),(3938,136,6),(3939,137,6),(3940,152,6),(3941,153,6),(3942,154,6),(3943,132,6),(3944,138,6),(3945,139,6),(3946,140,6),(3947,155,6),(3948,156,6),(3949,157,6),(3950,133,6),(3951,160,6),(3952,161,6),(3953,141,6),(3954,142,6),(3955,143,6),(3956,144,6),(3957,145,6),(3958,148,6),(3959,149,6),(3960,171,6),(3961,173,6);
/*!40000 ALTER TABLE `sys_relation` ENABLE KEYS */;
UNLOCK TABLES;

--
-- Table structure for table `sys_role`
--

DROP TABLE IF EXISTS `sys_role`;
/*!40101 SET @saved_cs_client     = @@character_set_client */;
/*!50503 SET character_set_client = utf8mb4 */;
CREATE TABLE `sys_role` (
  `id` int NOT NULL AUTO_INCREMENT COMMENT '主键id',
  `num` int DEFAULT NULL COMMENT '序号',
  `pid` int DEFAULT NULL COMMENT '父角色id',
  `name` varchar(255) CHARACTER SET utf8mb3 COLLATE utf8mb3_general_ci DEFAULT NULL COMMENT '角色名称',
  `deptid` int DEFAULT NULL COMMENT '部门名称',
  `tips` varchar(255) CHARACTER SET utf8mb3 COLLATE utf8mb3_general_ci DEFAULT NULL COMMENT '提示',
  `version` int DEFAULT NULL COMMENT '保留字段(暂时没用）',
  PRIMARY KEY (`id`) USING BTREE
) ENGINE=InnoDB AUTO_INCREMENT=7 DEFAULT CHARSET=utf8mb3 ROW_FORMAT=DYNAMIC COMMENT='角色表';
/*!40101 SET character_set_client = @saved_cs_client */;

--
-- Dumping data for table `sys_role`
--

LOCK TABLES `sys_role` WRITE;
/*!40000 ALTER TABLE `sys_role` DISABLE KEYS */;
INSERT INTO `sys_role` VALUES (1,1,0,'超级管理员',24,'administrator',1),(5,2,1,'临时',26,'temp',NULL),(6,NULL,0,'matt',NULL,'matt',NULL);
/*!40000 ALTER TABLE `sys_role` ENABLE KEYS */;
UNLOCK TABLES;

--
-- Table structure for table `sys_user`
--

DROP TABLE IF EXISTS `sys_user`;
/*!40101 SET @saved_cs_client     = @@character_set_client */;
/*!50503 SET character_set_client = utf8mb4 */;
CREATE TABLE `sys_user` (
  `id` int NOT NULL AUTO_INCREMENT COMMENT '主键id',
  `avatar` varchar(255) CHARACTER SET utf8mb3 COLLATE utf8mb3_general_ci DEFAULT NULL COMMENT '头像',
  `account` varchar(45) CHARACTER SET utf8mb3 COLLATE utf8mb3_general_ci DEFAULT NULL COMMENT '账号',
  `password` varchar(45) CHARACTER SET utf8mb3 COLLATE utf8mb3_general_ci DEFAULT NULL COMMENT '密码',
  `salt` varchar(45) CHARACTER SET utf8mb3 COLLATE utf8mb3_general_ci DEFAULT NULL COMMENT 'md5密码盐',
  `name` varchar(45) CHARACTER SET utf8mb3 COLLATE utf8mb3_general_ci DEFAULT NULL COMMENT '名字',
  `birthday` datetime DEFAULT NULL COMMENT '生日',
  `sex` int DEFAULT NULL COMMENT '性别（1：男 2：女）',
  `email` varchar(45) CHARACTER SET utf8mb3 COLLATE utf8mb3_general_ci DEFAULT NULL COMMENT '电子邮件',
  `phone` varchar(45) CHARACTER SET utf8mb3 COLLATE utf8mb3_general_ci DEFAULT NULL COMMENT '电话',
  `roleid` varchar(255) CHARACTER SET utf8mb3 COLLATE utf8mb3_general_ci DEFAULT NULL COMMENT '角色id',
  `deptid` int DEFAULT NULL COMMENT '部门id',
  `status` int DEFAULT NULL COMMENT '状态(1：启用  2：冻结  3：删除）',
  `createtime` datetime DEFAULT NULL COMMENT '创建时间',
  `version` int DEFAULT NULL COMMENT '保留字段',
  PRIMARY KEY (`id`) USING BTREE
) ENGINE=InnoDB AUTO_INCREMENT=49 DEFAULT CHARSET=utf8mb3 ROW_FORMAT=DYNAMIC COMMENT='管理员表';
/*!40101 SET character_set_client = @saved_cs_client */;

--
-- Dumping data for table `sys_user`
--

LOCK TABLES `sys_user` WRITE;
/*!40000 ALTER TABLE `sys_user` DISABLE KEYS */;
INSERT INTO `sys_user` VALUES (1,'54660837-c66b-4293-a916-fbb8ca02407a.jpg','admin','2d943c3af8c89f473a5c8cfd89dc4edc','e9ov0','管理员','2017-05-04 08:00:00',1,'jsnjfz@gmail.com','18200000000','1',27,1,'2016-01-29 08:49:53',25),(44,NULL,'test','45abb7879f6a8268f1ef600e6038ac73','ssts3','test','2017-05-01 00:00:00',1,'abc@123.com','','5',26,3,'2017-05-16 20:33:37',NULL),(45,NULL,'boss','71887a5ad666a18f709e1d4e693d5a35','1f7bf','老板','2017-12-04 00:00:00',1,'','','1',24,1,'2017-12-04 22:24:02',NULL),(46,NULL,'manager','b53cac62e7175637d4beb3b16b2f7915','j3cs9','经理','2017-12-04 00:00:00',1,'','','1',24,3,'2017-12-04 22:24:24',NULL),(47,'','matt','349af01f4c8ffeb5821f4e3c7077e86e','tvrtx','matt',NULL,NULL,'','',NULL,28,3,'2025-07-04 02:57:24',NULL),(48,'','matt','9d08fe387c75ed58a671313e458130e8','wwdtk','matt',NULL,NULL,'','',NULL,0,1,'2025-07-04 02:59:15',NULL);
/*!40000 ALTER TABLE `sys_user` ENABLE KEYS */;
UNLOCK TABLES;
/*!40103 SET TIME_ZONE=@OLD_TIME_ZONE */;

/*!40101 SET SQL_MODE=@OLD_SQL_MODE */;
/*!40014 SET FOREIGN_KEY_CHECKS=@OLD_FOREIGN_KEY_CHECKS */;
/*!40014 SET UNIQUE_CHECKS=@OLD_UNIQUE_CHECKS */;
/*!40101 SET CHARACTER_SET_CLIENT=@OLD_CHARACTER_SET_CLIENT */;
/*!40101 SET CHARACTER_SET_RESULTS=@OLD_CHARACTER_SET_RESULTS */;
/*!40101 SET COLLATION_CONNECTION=@OLD_COLLATION_CONNECTION */;
/*!40111 SET SQL_NOTES=@OLD_SQL_NOTES */;

-- Dump completed on 2025-07-04 16:24:12
